Math_Score,Science_Score,Programming_Skill,Communication_Skill,Logical_Ability,R_score,I_score,A_score,S_score,E_score,C_score,Career
88,90,3,4,2,5,3,5,3,9,2,Entrepreneur
87,67,3,3,5,2,1,1,4,4,8,Accountant
65,70,4,4,2,2,3,4,7,4,1,Teacher
94,74,2,2,4,1,1,1,1,1,7,Accountant
88,71,2,4,4,7,2,3,0,6,2,Entrepreneur
85,63,4,3,5,0,5,3,0,1,5,Software Engineer
93,92,4,3,2,2,7,2,5,2,0,Doctor
75,64,4,2,5,4,5,1,0,1,7,Accountant
77,83,2,3,3,0,8,2,9,3,4,Doctor
91,90,2,5,3,3,2,6,9,0,2,Teacher
75,89,4,2,4,2,4,4,3,1,6,Accountant
90,75,5,2,5,0,7,1,3,1,4,Software Engineer
62,94,2,5,2,4,3,6,8,3,2,Teacher
75,91,2,4,3,5,8,4,7,1,2,Doctor
80,89,4,4,4,3,1,3,3,5,7,Accountant
75,64,4,2,5,3,5,3,2,0,7,Accountant
88,62,4,3,4,0,7,4,2,4,7,Software Engineer
93,63,4,3,4,5,0,0,1,4,6,Accountant
78,95,2,4,2,3,5,4,6,1,0,Doctor
70,82,4,4,3,3,7,2,6,4,2,Doctor
62,76,4,4,2,4,2,8,10,3,1,Teacher
86,73,3,5,2,7,3,2,3,8,3,Entrepreneur
69,76,4,4,3,2,3,7,8,2,2,Teacher
85,86,3,4,4,4,3,4,5,7,0,Entrepreneur
66,88,4,2,3,3,6,0,8,4,1,Doctor
92,73,3,2,5,2,8,5,3,3,9,Data Scientist
66,95,4,4,4,0,8,2,5,3,0,Doctor
75,62,4,4,5,2,5,4,2,1,8,Accountant
76,81,3,4,3,2,8,5,7,3,1,Doctor
77,62,2,4,4,5,3,2,5,7,3,Entrepreneur
76,77,3,2,4,2,1,3,3,0,8,Accountant
70,80,2,4,2,3,1,5,7,0,2,Teacher
67,93,2,5,4,6,3,2,2,10,0,Entrepreneur
68,81,4,4,3,3,2,4,7,4,4,Teacher
60,76,4,5,2,3,2,7,6,2,2,Teacher
76,73,4,5,2,5,1,4,1,8,0,Entrepreneur
70,64,5,2,4,3,8,5,1,2,8,Software Engineer
95,65,4,2,4,3,8,4,3,1,8,Data Scientist
88,80,2,4,5,5,6,3,1,1,6,Data Scientist
66,65,2,4,4,0,3,5,6,3,2,Teacher
77,93,2,3,5,2,7,3,3,2,7,Data Scientist
61,91,3,4,2,2,8,5,7,2,2,Doctor
90,84,3,4,5,3,8,4,4,0,6,Data Scientist
87,83,3,3,5,2,10,0,3,4,9,Data Scientist
84,77,4,3,4,2,7,1,3,2,6,Software Engineer
66,73,3,4,3,1,4,6,7,5,2,Teacher
86,92,4,5,2,6,3,0,0,8,4,Entrepreneur
94,70,3,4,4,4,5,3,5,8,2,Entrepreneur
82,94,4,4,4,6,3,4,2,8,2,Entrepreneur
81,79,4,5,2,0,2,5,8,4,1,Teacher
77,87,3,4,4,1,2,6,8,1,4,Teacher
91,84,3,3,4,2,2,2,2,2,6,Accountant
90,90,3,4,5,3,8,4,1,2,9,Data Scientist
79,72,2,4,5,0,3,2,4,4,7,Accountant
75,67,3,3,4,1,5,0,1,2,10,Accountant
85,82,4,5,4,8,3,3,2,6,4,Entrepreneur
69,89,2,4,2,7,1,1,4,8,0,Entrepreneur
80,83,3,4,4,2,7,3,9,4,4,Doctor
70,88,3,4,3,2,6,4,6,2,1,Doctor
89,82,3,3,2,3,7,5,7,5,1,Doctor
84,91,4,4,5,5,1,3,1,5,6,Accountant
82,92,4,4,3,5,2,7,8,3,0,Teacher
75,91,2,3,4,4,0,3,1,0,8,Accountant
85,77,3,5,2,4,4,7,6,5,2,Teacher
82,69,2,2,4,2,1,3,1,1,8,Accountant
87,63,3,2,4,2,7,2,4,2,5,Data Scientist
92,80,3,3,4,4,6,1,7,3,4,Doctor
97,63,4,3,5,3,7,4,4,3,7,Data Scientist
88,84,2,4,5,4,2,3,5,2,9,Accountant
74,92,4,4,2,1,2,5,6,1,2,Teacher
78,81,4,3,3,5,6,3,7,1,3,Doctor
89,76,2,2,5,3,2,1,3,1,10,Accountant
84,74,4,5,2,7,4,2,0,8,4,Entrepreneur
79,90,2,2,4,1,2,1,2,2,10,Accountant
89,69,5,3,4,2,8,4,3,2,6,Software Engineer
77,61,4,2,4,3,8,5,2,3,8,Software Engineer
79,66,4,4,2,6,3,4,3,10,4,Entrepreneur
60,67,5,3,5,2,7,1,0,0,6,Software Engineer
89,77,4,3,5,4,10,2,1,4,5,Data Scientist
62,86,2,4,2,4,8,5,8,3,2,Doctor
94,80,5,2,4,4,8,0,3,1,4,Software Engineer
86,89,3,3,5,4,9,1,3,1,7,Data Scientist
79,61,2,2,4,3,2,3,3,4,8,Accountant
88,89,2,3,4,3,9,4,1,1,7,Data Scientist
89,65,2,3,4,2,8,3,3,2,8,Data Scientist
88,82,2,4,2,4,3,5,8,3,1,Teacher
87,63,2,5,4,3,2,8,7,2,2,Teacher
86,68,2,3,4,2,7,3,5,2,7,Data Scientist
87,79,5,4,5,4,8,4,3,4,6,Software Engineer
72,70,5,4,5,4,10,5,2,3,4,Software Engineer
91,81,4,4,2,5,8,2,8,1,4,Doctor
78,80,2,3,4,1,10,5,3,2,5,Data Scientist
78,74,4,4,5,1,8,0,2,1,8,Software Engineer
92,80,2,4,2,6,4,1,3,8,3,Entrepreneur
88,88,3,3,2,3,8,4,6,2,2,Doctor
62,90,3,5,4,7,2,1,2,10,2,Entrepreneur
85,85,3,3,4,2,8,5,3,2,6,Data Scientist
81,97,4,2,2,1,5,1,7,3,3,Doctor
79,81,3,2,4,3,8,1,8,3,4,Doctor
75,70,4,4,2,4,3,1,2,7,2,Entrepreneur
92,87,4,4,4,3,6,4,5,1,5,Doctor
87,81,2,2,4,4,6,2,6,2,2,Doctor
69,84,3,5,2,2,2,6,6,3,5,Teacher
60,80,2,4,3,3,6,2,8,2,2,Doctor
90,72,2,2,5,2,3,0,4,3,9,Accountant
93,70,2,4,4,0,4,1,1,2,7,Accountant
66,93,2,4,4,2,7,4,9,1,2,Doctor
88,92,2,4,2,0,1,5,7,5,2,Teacher
88,83,3,3,5,0,2,3,4,1,7,Accountant
62,86,2,2,3,2,7,0,9,1,5,Doctor
78,89,3,2,4,2,8,2,0,3,8,Data Scientist
90,61,4,2,4,5,4,3,4,3,9,Accountant
62,65,2,4,3,6,2,5,2,9,1,Entrepreneur
76,66,4,2,4,5,3,2,0,1,7,Accountant
82,66,2,5,2,2,5,7,8,3,4,Teacher
78,91,3,4,5,1,7,1,0,1,6,Data Scientist
82,74,4,2,5,1,4,1,0,1,6,Accountant
88,85,3,4,4,3,2,3,0,2,10,Accountant
87,82,2,5,4,1,2,5,7,3,4,Teacher
90,94,4,3,5,1,6,4,2,5,8,Data Scientist
83,74,3,3,4,1,8,5,4,4,5,Data Scientist
94,97,2,4,3,5,7,1,6,0,1,Doctor
84,72,3,4,2,2,2,5,10,0,1,Teacher
90,61,3,2,5,4,1,2,0,5,8,Accountant
92,62,3,3,5,4,0,5,3,4,9,Accountant
85,69,3,2,5,2,7,2,3,3,7,Data Scientist
85,71,3,4,3,2,3,6,7,4,5,Teacher
76,91,2,4,2,6,4,1,4,9,3,Entrepreneur
82,90,2,5,2,4,4,6,8,1,3,Teacher
86,93,5,4,4,1,7,1,1,3,6,Software Engineer
80,68,3,5,2,6,4,1,3,8,2,Entrepreneur
63,80,4,4,4,3,4,7,7,2,1,Teacher
68,79,2,5,3,5,5,2,2,10,2,Entrepreneur
82,80,4,2,5,1,8,1,2,2,7,Software Engineer
70,83,3,4,3,4,3,8,8,5,5,Teacher
70,90,4,4,3,3,5,1,6,5,0,Doctor
68,64,4,4,2,7,4,0,3,9,1,Entrepreneur
64,65,4,3,5,2,7,1,3,1,5,Software Engineer
84,90,4,3,4,5,5,1,4,5,8,Accountant
84,63,2,4,2,0,1,7,9,2,2,Teacher
67,73,2,5,2,4,0,7,7,2,3,Teacher
85,89,4,2,5,2,2,1,2,2,6,Accountant
88,83,2,4,3,1,6,1,6,4,2,Doctor
63,91,2,2,4,0,7,4,8,3,2,Doctor
84,67,3,4,3,5,4,7,8,3,1,Teacher
81,76,4,5,2,8,0,1,0,8,5,Entrepreneur
75,89,2,2,4,3,8,4,7,3,3,Doctor
70,93,4,4,2,6,4,3,2,7,1,Entrepreneur
64,87,3,4,3,4,2,5,3,8,1,Entrepreneur
97,66,3,2,4,3,7,3,1,1,9,Data Scientist
87,90,4,4,3,1,7,3,8,4,0,Doctor
74,70,2,5,3,4,5,3,0,9,5,Entrepreneur
76,61,2,4,4,3,2,7,9,1,3,Teacher
62,67,5,4,5,1,7,0,3,4,7,Software Engineer
75,87,3,4,5,3,3,3,2,1,10,Accountant
81,63,2,3,5,3,8,3,3,2,6,Data Scientist
88,92,3,2,5,4,7,2,4,3,7,Data Scientist
85,72,4,4,4,4,2,6,7,2,5,Teacher
76,82,5,3,5,3,8,2,4,5,5,Software Engineer
82,96,3,3,2,2,5,1,7,2,2,Doctor
83,63,3,2,5,4,2,3,4,3,7,Accountant
65,73,2,4,2,4,4,6,8,3,2,Teacher
80,76,2,3,5,3,8,3,3,1,8,Data Scientist
68,83,5,2,4,3,8,1,2,2,6,Software Engineer
88,72,2,2,4,3,10,2,4,2,7,Data Scientist
66,66,3,4,3,6,2,4,0,9,4,Entrepreneur
83,87,3,4,2,5,7,5,7,1,2,Doctor
61,81,5,2,5,5,8,1,3,3,6,Software Engineer
96,85,3,2,4,3,9,4,2,2,5,Data Scientist
87,64,5,2,5,3,10,2,1,4,5,Software Engineer
83,93,2,4,4,3,8,2,1,2,7,Data Scientist
61,70,4,5,2,6,3,3,2,7,3,Entrepreneur
84,94,3,3,5,2,2,5,5,3,9,Accountant
90,85,4,3,5,4,8,0,3,3,7,Software Engineer
93,76,4,3,5,4,7,1,4,3,9,Data Scientist
93,68,4,2,4,1,8,4,3,1,5,Data Scientist
91,94,4,2,5,1,10,1,1,4,7,Software Engineer
77,63,2,3,4,3,8,3,1,5,6,Data Scientist
77,64,2,5,2,5,1,3,0,8,0,Entrepreneur
64,81,3,4,3,5,4,8,8,2,4,Teacher
83,74,4,3,4,4,2,1,1,5,10,Accountant
80,89,5,4,5,5,8,3,2,0,5,Software Engineer
79,68,2,4,4,2,9,3,3,4,5,Data Scientist
75,78,4,5,2,4,3,4,3,8,5,Entrepreneur
78,73,3,2,5,1,5,0,0,1,7,Accountant
69,64,4,5,3,2,5,6,9,1,1,Teacher
92,97,4,4,3,2,7,1,7,2,0,Doctor
79,85,4,3,5,1,1,5,3,1,8,Accountant
79,70,4,4,5,2,9,2,5,4,6,Software Engineer
84,66,2,5,3,5,2,5,2,8,0,Entrepreneur
80,95,3,4,3,5,7,1,6,4,4,Doctor
93,80,4,4,4,0,8,2,1,1,8,Data Scientist
88,93,3,2,3,1,7,4,7,4,3,Doctor
84,77,3,4,3,1,3,7,9,5,2,Teacher
66,77,3,5,3,7,3,4,3,10,1,Entrepreneur
66,76,4,2,4,3,6,3,3,2,7,Software Engineer
94,70,4,2,4,2,7,4,4,2,8,Software Engineer
83,84,2,5,3,7,3,2,5,9,2,Entrepreneur
64,62,3,5,3,5,2,3,2,6,2,Entrepreneur
81,83,3,2,4,4,4,2,1,1,6,Accountant
90,94,2,4,3,1,8,1,7,4,4,Doctor
71,73,2,5,2,3,0,5,9,0,4,Teacher
80,66,4,5,4,2,3,7,9,4,3,Teacher
80,87,3,4,4,4,5,2,7,3,2,Doctor
74,88,2,5,2,5,3,1,3,8,3,Entrepreneur
88,65,2,4,3,1,3,5,8,3,3,Teacher
67,80,3,2,2,0,6,3,8,2,4,Doctor
76,80,3,3,5,5,7,1,4,2,8,Data Scientist
95,76,3,4,5,5,9,0,2,1,9,Data Scientist
91,76,4,2,4,3,9,0,4,4,7,Software Engineer
88,64,2,2,5,3,4,1,2,0,8,Accountant
83,92,3,4,5,3,8,0,4,1,8,Data Scientist
62,71,2,4,4,3,2,6,7,4,4,Teacher
67,93,4,2,2,1,9,1,8,1,3,Doctor
74,62,5,2,5,2,10,3,3,2,5,Software Engineer
81,65,4,4,2,5,5,2,2,10,2,Entrepreneur
85,70,3,3,4,1,2,3,3,4,9,Accountant
93,63,3,4,2,5,1,4,0,8,1,Entrepreneur
64,86,3,2,2,2,7,3,8,3,5,Doctor
82,65,2,2,4,3,9,3,2,2,8,Data Scientist
86,82,4,4,2,2,3,7,8,3,2,Teacher
75,82,3,3,4,3,8,4,3,5,7,Data Scientist
93,63,2,5,4,5,5,4,3,8,4,Entrepreneur
67,86,3,2,3,1,6,2,6,2,2,Doctor
60,70,3,4,3,3,4,4,9,1,4,Teacher
85,72,4,2,4,5,5,4,1,1,10,Accountant
90,88,3,4,5,1,7,3,0,4,7,Data Scientist
64,90,2,4,4,5,3,8,9,2,3,Teacher
78,60,2,4,2,2,4,5,7,1,2,Teacher
86,91,2,3,2,2,9,2,6,3,2,Doctor
72,95,2,2,2,5,6,4,7,1,1,Doctor
79,66,3,3,4,0,3,5,1,4,7,Accountant
80,79,2,5,2,3,3,6,8,4,3,Teacher
81,90,3,2,4,1,1,4,5,2,8,Accountant
75,64,5,2,5,1,7,0,4,0,7,Software Engineer
85,63,4,2,5,0,8,5,4,3,6,Software Engineer
78,85,2,5,4,6,5,4,5,8,4,Entrepreneur
87,74,4,2,5,4,7,3,0,0,8,Data Scientist
75,82,4,5,3,6,1,4,4,6,5,Entrepreneur
90,66,2,4,2,3,3,5,8,1,1,Teacher
84,88,2,2,5,0,8,0,3,1,6,Data Scientist
93,89,3,4,4,2,6,1,6,2,2,Doctor
70,64,3,4,4,7,1,3,2,10,4,Entrepreneur
94,74,4,5,3,2,2,6,8,2,5,Teacher
85,79,2,4,2,2,4,7,8,5,3,Teacher
75,89,2,5,3,7,2,1,1,8,1,Entrepreneur
84,74,3,5,3,1,1,7,9,3,2,Teacher
64,93,4,5,2,5,1,1,4,9,2,Entrepreneur
79,92,3,4,3,6,3,2,4,7,1,Entrepreneur
92,79,2,4,4,3,8,2,5,3,8,Data Scientist
79,83,5,4,5,2,9,2,2,1,7,Software Engineer
75,82,4,2,5,3,8,2,5,3,7,Data Scientist
72,66,5,3,4,5,6,2,5,2,6,Software Engineer
90,94,3,4,3,2,9,1,8,4,2,Doctor
73,87,2,5,3,6,1,1,3,9,2,Entrepreneur
88,92,3,3,3,2,7,5,7,1,3,Doctor
69,93,2,3,3,3,7,3,7,2,3,Doctor
61,68,5,3,4,1,8,2,0,1,7,Software Engineer
75,84,3,2,5,2,7,3,5,5,7,Data Scientist
62,77,4,4,5,2,6,4,5,2,4,Software Engineer
62,83,4,4,4,1,7,2,1,4,6,Software Engineer
97,92,2,4,4,1,6,1,2,1,7,Data Scientist
77,94,4,4,4,3,6,3,1,2,6,Software Engineer
68,67,4,5,3,3,3,7,10,2,3,Teacher
87,85,4,5,3,6,0,2,2,8,2,Entrepreneur
85,73,3,4,2,7,1,2,3,8,3,Entrepreneur
95,70,2,3,5,4,7,1,4,2,6,Data Scientist
75,89,5,4,4,4,7,3,3,3,6,Software Engineer
92,64,2,3,4,2,9,0,5,3,7,Data Scientist
61,63,3,4,3,2,5,7,8,1,3,Teacher
93,87,5,4,5,2,9,3,3,5,5,Software Engineer
75,67,2,5,3,5,1,4,1,9,4,Entrepreneur
62,68,2,4,3,4,1,4,6,1,0,Teacher
89,73,4,3,4,2,2,3,1,4,7,Accountant
79,71,4,2,4,3,8,4,4,3,7,Data Scientist
89,70,4,4,3,7,1,1,4,8,2,Entrepreneur
96,89,3,4,5,0,10,3,4,1,9,Data Scientist
85,66,4,4,2,2,1,6,7,5,1,Teacher
88,77,2,3,4,2,3,1,3,1,8,Accountant
74,82,2,3,3,4,7,4,6,5,2,Doctor
85,60,4,3,5,3,8,1,4,2,9,Data Scientist
66,66,4,4,2,8,2,5,0,10,3,Entrepreneur
85,73,4,5,2,5,0,1,2,8,3,Entrepreneur
76,68,5,3,4,2,5,1,3,4,7,Software Engineer
83,76,4,3,4,2,6,3,5,0,5,Software Engineer
60,80,5,3,5,1,8,0,3,2,4,Software Engineer
96,84,2,2,4,0,9,2,1,4,7,Data Scientist
85,80,4,3,4,4,8,3,3,4,6,Software Engineer
71,91,2,5,4,3,2,8,9,0,3,Teacher
61,92,2,5,2,5,0,4,1,10,5,Entrepreneur
89,74,3,4,4,3,9,2,0,1,8,Data Scientist
84,85,2,2,4,2,8,1,1,1,7,Data Scientist
82,90,4,3,4,3,4,3,3,4,9,Accountant
75,72,3,2,5,1,6,2,1,1,8,Data Scientist
66,89,3,5,4,3,3,7,7,1,2,Teacher
69,94,4,4,5,5,6,4,1,4,7,Software Engineer
83,88,4,2,5,3,9,3,3,1,8,Data Scientist
88,65,3,3,5,5,4,3,2,1,8,Accountant
88,60,4,3,4,3,5,0,1,3,7,Accountant
82,91,4,2,4,2,9,4,2,1,6,Software Engineer
66,91,2,5,3,2,4,6,6,2,3,Teacher
77,88,2,5,2,5,1,5,8,3,1,Teacher
84,89,4,3,4,1,4,4,3,3,10,Accountant
88,71,4,3,5,4,9,0,0,1,8,Data Scientist
90,83,5,3,4,5,7,2,4,4,7,Software Engineer
78,60,4,5,3,6,2,3,3,10,4,Entrepreneur
78,84,2,3,5,3,4,4,3,5,8,Accountant
69,90,2,5,4,0,0,7,6,2,2,Teacher
84,72,4,2,5,1,3,4,2,3,6,Accountant
82,72,4,4,5,4,7,3,4,4,7,Software Engineer
92,67,2,4,3,7,5,5,4,10,3,Entrepreneur
85,71,3,4,5,3,2,0,2,5,7,Accountant
81,60,5,2,5,2,9,1,0,3,5,Software Engineer
90,93,3,3,2,3,5,3,9,5,3,Doctor
88,84,2,5,4,6,0,2,1,8,4,Entrepreneur
81,75,3,4,5,3,8,0,5,0,7,Data Scientist
81,77,4,4,5,2,1,3,2,2,8,Accountant
75,88,2,3,4,3,9,5,0,3,7,Data Scientist
73,92,2,3,2,2,7,4,6,3,3,Doctor
88,83,4,2,3,2,7,3,5,0,0,Doctor
73,94,2,5,2,4,4,0,5,8,0,Entrepreneur
86,80,2,4,4,2,4,5,7,5,2,Teacher
69,82,3,2,2,5,5,1,8,0,2,Doctor
64,91,4,3,4,3,7,5,2,3,6,Software Engineer
74,76,4,4,4,5,2,1,0,8,5,Entrepreneur
61,65,5,2,4,2,8,2,3,3,7,Software Engineer
81,73,3,2,5,2,8,3,3,0,8,Data Scientist
91,94,3,3,5,2,6,2,2,3,6,Data Scientist
77,67,2,4,4,2,2,2,2,4,9,Accountant
77,74,3,4,4,3,0,0,5,3,7,Accountant
86,63,5,4,4,0,6,4,3,3,5,Software Engineer
83,94,4,4,4,4,1,0,3,3,8,Accountant
84,90,4,3,2,4,8,1,7,3,0,Doctor
83,78,4,4,3,8,1,2,4,9,1,Entrepreneur
86,61,3,5,2,6,4,3,4,8,3,Entrepreneur
93,85,4,2,4,4,6,1,0,2,5,Software Engineer
83,70,4,2,4,3,3,3,1,4,6,Accountant
83,80,4,2,5,3,2,0,0,1,8,Accountant
82,69,4,4,5,3,3,2,4,5,6,Accountant
82,79,5,3,5,5,5,2,1,5,5,Software Engineer
78,89,4,4,4,1,3,6,10,5,1,Teacher
83,91,4,4,5,3,8,2,2,0,7,Data Scientist
85,72,4,4,4,2,7,5,3,1,4,Software Engineer
86,91,3,5,4,5,2,5,0,9,4,Entrepreneur
91,91,3,3,2,3,9,1,8,0,3,Doctor
80,77,2,3,4,2,1,5,5,4,10,Accountant
74,70,4,4,2,4,4,5,9,3,4,Teacher
93,60,4,2,4,3,6,3,1,4,7,Data Scientist
79,70,3,5,2,4,4,7,6,1,1,Teacher
82,94,4,4,4,2,4,3,1,3,9,Accountant
62,91,2,5,3,7,1,3,2,7,1,Entrepreneur
94,70,2,2,4,5,8,2,4,3,7,Data Scientist
70,72,4,4,5,4,9,1,2,3,6,Software Engineer
87,91,2,2,4,0,7,0,5,3,6,Data Scientist
72,94,2,5,3,7,0,5,3,10,4,Entrepreneur
85,73,2,3,5,5,9,2,1,3,6,Data Scientist
93,79,3,4,4,3,8,3,1,1,5,Data Scientist
76,94,3,5,4,6,3,3,3,6,2,Entrepreneur
60,79,3,4,2,5,4,5,7,2,4,Teacher
86,62,2,4,4,4,2,1,3,3,9,Accountant
87,76,3,3,5,1,4,1,3,4,9,Accountant
65,94,4,2,5,0,9,0,4,3,4,Software Engineer
79,74,4,3,4,1,6,4,4,5,5,Data Scientist
62,81,3,3,4,1,7,2,8,3,3,Doctor
69,91,4,5,2,5,4,4,3,7,1,Entrepreneur
85,72,2,5,2,1,2,4,7,3,2,Teacher
80,71,4,2,4,2,8,4,4,2,7,Data Scientist
80,72,3,3,5,3,2,1,1,3,7,Accountant
89,93,4,2,4,4,9,0,0,3,5,Software Engineer
80,83,3,4,5,4,8,3,2,3,7,Data Scientist
72,91,3,4,3,0,8,5,7,1,1,Doctor
66,77,3,5,3,6,4,1,1,7,1,Entrepreneur
77,89,2,2,3,3,8,2,6,5,5,Doctor
62,76,3,5,3,1,3,5,7,5,1,Teacher
62,78,4,2,5,2,8,0,2,3,7,Software Engineer
80,85,3,4,4,5,2,3,0,0,7,Accountant
93,88,3,2,4,4,10,3,3,3,6,Data Scientist
84,97,2,4,3,1,5,1,7,2,0,Doctor
85,82,3,4,2,8,2,4,4,9,3,Entrepreneur
66,66,5,2,5,1,7,4,2,4,4,Software Engineer
95,66,3,4,5,4,9,1,2,2,6,Data Scientist
86,85,3,2,2,3,7,3,7,4,1,Doctor
87,92,4,4,2,3,5,3,7,5,2,Doctor
85,86,4,4,5,4,10,2,4,2,4,Software Engineer
84,87,3,3,3,0,8,2,5,0,0,Doctor
77,94,2,2,2,0,5,5,8,3,2,Doctor
64,73,2,5,3,2,3,7,10,4,4,Teacher
72,93,4,2,4,3,5,4,7,2,3,Doctor
89,81,3,5,2,8,3,3,1,8,3,Entrepreneur
75,93,4,2,5,4,4,0,2,4,8,Accountant
87,82,3,4,2,1,2,7,8,3,2,Teacher
82,86,4,5,4,4,2,8,8,4,2,Teacher
79,77,2,5,3,3,3,4,10,1,2,Teacher
83,77,3,3,5,3,4,1,3,1,9,Accountant
82,66,5,4,4,2,9,1,3,1,6,Software Engineer
61,89,5,4,4,0,7,2,4,3,5,Software Engineer
80,66,3,4,5,0,1,5,2,4,6,Accountant
88,92,4,3,5,4,8,5,0,5,6,Software Engineer
89,64,4,3,5,2,7,2,2,2,7,Software Engineer
90,90,3,5,2,3,3,7,9,2,4,Teacher
69,94,2,4,3,2,7,2,6,2,1,Doctor
89,79,2,4,4,0,1,5,8,0,2,Teacher
79,77,3,4,2,8,1,3,4,7,3,Entrepreneur
61,74,2,4,2,2,2,6,7,2,2,Teacher
94,78,5,3,4,5,5,1,2,2,6,Software Engineer
70,64,4,2,4,3,5,5,3,2,8,Software Engineer
82,85,3,3,4,2,7,3,3,3,6,Data Scientist
79,83,3,3,3,2,8,5,6,3,2,Doctor
86,85,2,2,2,3,5,2,7,2,0,Doctor
86,82,3,4,5,5,4,4,3,0,7,Accountant
89,81,3,5,3,5,3,6,8,4,3,Teacher
75,79,2,4,5,2,8,3,3,3,8,Data Scientist
76,66,3,4,2,3,5,7,9,1,0,Teacher
61,94,5,3,4,4,8,1,2,1,6,Software Engineer
60,90,4,4,4,8,1,3,3,7,3,Entrepreneur
81,88,2,3,5,5,3,1,0,0,7,Accountant
78,73,2,4,5,4,8,1,1,0,8,Data Scientist
75,90,3,3,3,3,8,4,7,3,5,Doctor
62,69,5,2,5,5,9,3,5,2,8,Software Engineer
72,81,2,5,3,2,2,7,8,2,1,Teacher
74,79,5,3,5,1,8,3,1,3,6,Software Engineer
80,77,3,2,5,5,7,2,2,3,6,Data Scientist
87,71,4,4,4,0,4,2,1,2,6,Accountant
64,82,4,2,5,4,6,1,1,2,6,Software Engineer
68,88,3,5,3,5,4,2,0,6,5,Entrepreneur
82,78,2,5,4,2,2,6,8,3,4,Teacher
66,83,4,5,4,4,1,2,2,6,1,Entrepreneur
85,61,3,4,4,3,8,1,3,4,8,Data Scientist
82,79,4,3,4,3,8,2,4,3,6,Software Engineer
84,84,4,3,4,3,7,1,3,2,7,Data Scientist
91,88,2,2,2,2,6,5,6,3,0,Doctor
94,60,3,2,4,3,7,3,2,3,7,Data Scientist
72,93,2,4,2,4,4,3,2,9,5,Entrepreneur
89,94,4,3,5,3,9,0,0,0,4,Software Engineer
86,81,3,2,4,3,2,1,3,4,6,Accountant
89,86,3,4,3,7,0,4,4,9,1,Entrepreneur
79,87,3,2,5,3,3,3,3,3,7,Accountant
84,62,2,4,3,4,3,3,2,8,4,Entrepreneur
77,74,4,2,4,3,6,3,3,3,8,Software Engineer
69,68,4,5,3,3,4,5,6,4,4,Teacher
90,93,3,4,4,3,4,5,9,4,3,Teacher
93,68,2,3,5,1,7,2,1,3,8,Data Scientist
71,68,3,4,2,6,2,1,3,8,5,Entrepreneur
86,63,2,5,3,6,2,2,2,8,0,Entrepreneur
90,77,3,2,4,0,10,2,2,0,8,Data Scientist
80,86,2,4,4,1,2,4,5,2,10,Accountant
61,88,4,3,5,4,7,1,3,1,5,Software Engineer
75,70,2,5,4,4,3,4,1,6,2,Entrepreneur
82,82,4,4,5,2,7,0,3,1,6,Software Engineer
83,87,2,4,5,2,7,2,2,2,9,Data Scientist
80,84,3,4,3,0,6,0,7,3,2,Doctor
71,84,2,3,4,3,8,2,7,2,4,Doctor
90,77,2,4,4,3,8,2,3,1,8,Data Scientist
60,72,4,3,5,0,8,4,0,2,7,Software Engineer
87,92,3,2,4,4,6,4,5,2,5,Data Scientist
68,85,2,4,4,3,5,1,7,3,1,Doctor
70,90,5,2,5,0,6,2,4,2,5,Software Engineer
72,93,3,4,4,2,8,5,8,2,2,Doctor
85,76,2,3,5,2,9,3,2,4,7,Data Scientist
80,91,2,3,5,3,2,3,0,2,6,Accountant
75,78,4,3,4,0,8,2,3,2,8,Data Scientist
63,90,4,5,2,0,0,8,8,4,4,Teacher
65,80,2,4,4,4,7,5,8,3,0,Doctor
82,64,3,4,4,6,0,4,3,9,4,Entrepreneur
89,83,4,2,5,2,1,4,2,1,8,Accountant
63,90,3,2,3,1,6,2,8,5,0,Doctor
88,64,3,5,4,0,3,6,8,4,2,Teacher
86,88,4,3,5,5,7,4,0,4,8,Data Scientist
83,78,2,4,5,1,3,2,2,2,7,Accountant
90,89,5,4,5,2,8,1,3,2,7,Software Engineer
75,80,2,2,2,4,7,2,5,3,5,Doctor
67,76,4,5,4,4,4,2,2,8,3,Entrepreneur
93,92,5,3,5,1,5,1,1,0,6,Software Engineer
84,66,2,2,4,4,7,3,5,2,8,Data Scientist
86,88,2,5,3,7,1,5,2,8,2,Entrepreneur
93,89,2,4,4,0,1,4,2,4,10,Accountant
87,65,4,3,4,1,6,0,5,2,6,Software Engineer
94,73,5,2,5,1,9,1,0,1,5,Software Engineer
81,65,2,4,4,2,6,5,2,4,8,Data Scientist
88,63,3,4,2,3,4,6,10,4,1,Teacher
76,81,5,4,4,4,5,4,4,3,4,Software Engineer
63,81,4,2,4,4,10,1,5,2,8,Software Engineer
86,90,4,3,5,1,3,2,0,2,9,Accountant
75,62,4,4,5,3,4,1,1,3,10,Accountant
89,60,3,2,4,3,7,2,4,4,6,Data Scientist
81,63,2,5,3,4,4,6,6,0,3,Teacher
86,83,3,2,4,2,8,1,8,1,1,Doctor
81,96,2,4,2,4,6,3,6,2,2,Doctor
83,94,4,4,5,4,2,3,2,2,7,Accountant
76,76,3,3,5,3,9,2,2,2,5,Data Scientist
87,89,5,4,5,1,8,4,3,4,7,Software Engineer
77,75,4,3,4,2,3,2,1,2,6,Accountant
94,83,4,5,2,5,4,7,8,2,1,Teacher
63,80,5,3,5,1,8,2,0,1,6,Software Engineer
81,79,3,2,5,4,5,1,5,1,8,Accountant
79,68,2,4,4,6,2,3,2,8,2,Entrepreneur
71,93,4,4,3,0,2,6,6,3,1,Teacher
61,94,3,5,2,7,2,2,2,7,4,Entrepreneur
81,90,4,4,4,1,6,0,2,4,6,Data Scientist
86,77,2,4,4,1,0,3,3,0,8,Accountant
86,66,2,3,4,2,7,3,2,3,6,Data Scientist
90,83,2,3,2,3,8,2,7,5,2,Doctor
94,90,4,2,5,1,3,5,1,1,9,Accountant
72,81,2,3,3,1,5,2,7,4,4,Doctor
75,81,3,3,5,5,2,4,5,2,8,Accountant
94,71,5,2,4,4,8,3,2,2,7,Software Engineer
90,77,2,4,2,6,5,2,2,9,2,Entrepreneur
75,64,2,3,4,1,10,0,4,3,8,Data Scientist
78,66,4,4,5,4,3,4,4,0,7,Accountant
70,61,5,2,5,4,9,1,2,5,5,Software Engineer
80,88,4,3,4,1,8,0,2,2,8,Data Scientist
65,90,2,2,4,2,6,0,8,2,2,Doctor
87,87,2,4,4,4,9,0,4,2,7,Data Scientist
93,90,3,2,5,3,2,2,2,4,7,Accountant
68,88,2,2,4,5,7,2,5,1,1,Doctor
94,81,4,2,2,0,7,3,5,2,2,Doctor
84,88,2,2,4,3,7,3,6,3,2,Doctor
82,78,4,3,5,2,7,1,2,4,5,Software Engineer
67,79,2,4,3,7,3,3,1,9,4,Entrepreneur
85,75,2,3,5,2,5,2,3,1,9,Accountant
65,85,2,4,4,6,1,5,2,8,0,Entrepreneur
76,94,3,4,3,1,9,3,7,2,1,Doctor
70,64,5,2,5,1,8,0,5,2,4,Software Engineer
83,61,4,2,5,2,1,5,2,3,8,Accountant
79,91,3,3,5,3,8,0,5,5,5,Data Scientist
85,82,4,4,2,2,7,4,7,1,3,Doctor
88,84,4,4,2,2,6,5,6,2,2,Doctor
92,92,4,2,5,2,8,4,3,2,8,Data Scientist
90,85,4,4,2,0,1,6,10,3,2,Teacher
81,85,4,4,4,0,8,3,2,1,5,Software Engineer
93,63,2,4,5,1,6,2,0,1,6,Data Scientist
84,90,4,3,2,4,9,4,6,4,0,Doctor
74,76,2,5,3,7,5,4,4,9,3,Entrepreneur
77,64,4,2,5,3,7,2,3,1,6,Software Engineer
75,93,4,3,3,4,6,0,7,1,1,Doctor
85,74,4,3,5,3,7,5,2,1,6,Software Engineer
88,78,3,4,4,1,8,5,5,4,7,Data Scientist
86,71,4,4,4,5,9,2,4,4,7,Data Scientist
90,86,2,4,5,1,7,5,4,2,8,Data Scientist
64,65,2,5,3,6,2,2,4,10,1,Entrepreneur
71,91,2,4,4,6,2,2,3,7,5,Entrepreneur
60,68,2,5,4,6,2,3,4,9,3,Entrepreneur
72,93,5,3,4,2,7,3,4,1,7,Software Engineer
83,73,4,4,3,5,4,1,1,6,2,Entrepreneur
68,64,4,5,4,3,1,6,8,3,4,Teacher
90,96,4,4,3,4,7,2,8,1,1,Doctor
94,89,2,2,2,2,7,2,8,2,3,Doctor
84,88,4,4,5,2,7,2,4,3,7,Data Scientist
80,68,3,4,4,5,3,2,1,1,6,Accountant
74,72,2,5,3,1,0,7,8,4,1,Teacher
86,83,2,4,4,4,5,2,6,5,1,Doctor
74,68,4,4,3,3,4,5,9,2,3,Teacher
78,92,3,4,3,3,7,0,5,0,1,Doctor
60,78,4,4,2,1,2,7,10,3,3,Teacher
93,83,3,5,4,4,4,2,1,8,2,Entrepreneur
87,66,3,4,4,3,1,8,8,4,2,Teacher
86,67,4,4,2,6,4,2,4,8,5,Entrepreneur
78,87,4,4,5,1,6,0,3,3,5,Software Engineer
90,92,3,4,4,1,4,5,8,2,4,Teacher
76,81,4,2,4,3,4,3,3,3,8,Accountant
77,81,2,4,2,1,4,6,9,3,3,Teacher
88,87,4,5,3,5,4,3,5,7,3,Entrepreneur
74,86,4,4,4,4,7,5,8,3,4,Doctor
72,68,4,5,4,5,0,2,4,8,0,Entrepreneur
87,66,2,3,5,1,3,3,1,0,8,Accountant
63,79,3,4,3,4,2,1,2,10,5,Entrepreneur
86,61,4,3,5,1,8,1,4,1,7,Software Engineer
87,65,4,3,5,2,9,2,3,5,6,Software Engineer
88,71,4,4,5,2,7,2,3,3,6,Data Scientist
78,82,5,2,4,3,10,2,4,2,6,Software Engineer
62,80,4,2,4,1,8,1,0,3,5,Software Engineer
76,68,2,2,4,3,1,2,5,4,9,Accountant
62,60,3,4,4,2,4,4,7,4,0,Teacher
71,86,3,3,3,2,7,2,7,3,2,Doctor
91,62,4,5,2,6,4,1,5,8,4,Entrepreneur
63,94,4,2,4,3,5,2,7,1,4,Doctor
76,93,3,5,3,6,5,4,2,9,3,Entrepreneur
82,86,4,3,4,1,9,3,3,1,6,Data Scientist
94,82,4,3,3,3,8,4,6,2,2,Doctor
63,80,3,3,4,3,7,3,7,3,0,Doctor
71,82,3,2,3,2,7,4,6,2,2,Doctor
80,62,3,4,4,0,2,4,7,1,4,Teacher
78,79,4,2,5,4,7,4,2,4,6,Software Engineer
89,89,3,4,4,2,6,1,8,4,1,Doctor
78,92,3,3,4,3,7,1,4,1,5,Data Scientist
92,84,2,3,5,1,6,3,5,3,9,Data Scientist
94,84,4,2,3,4,9,4,8,2,2,Doctor
61,60,4,3,5,3,5,1,2,2,4,Software Engineer
86,80,4,4,5,5,3,3,3,3,7,Accountant
86,61,4,3,4,1,8,5,1,2,7,Data Scientist
66,85,3,2,2,2,7,4,8,4,2,Doctor
77,81,3,2,3,4,7,4,5,3,1,Doctor
62,81,3,4,3,5,8,4,8,1,3,Doctor
71,89,4,4,4,5,5,4,3,5,7,Software Engineer
77,84,4,4,2,1,2,5,10,4,2,Teacher
73,80,2,2,2,3,5,2,7,4,2,Doctor
94,89,4,4,5,4,8,5,2,3,8,Data Scientist
71,82,2,4,2,6,2,0,5,7,5,Entrepreneur
84,83,2,4,5,1,1,2,5,3,9,Accountant
69,84,4,4,4,2,8,2,4,1,4,Software Engineer
90,85,4,5,4,6,0,2,1,9,4,Entrepreneur
81,90,4,4,5,3,9,5,0,4,6,Data Scientist
76,92,3,4,4,2,3,4,7,5,1,Teacher
79,84,3,3,4,4,4,2,1,2,9,Accountant
82,67,2,4,4,4,2,3,3,6,5,Entrepreneur
86,97,3,4,3,3,7,4,9,0,3,Doctor
88,72,4,4,4,2,8,2,3,0,7,Software Engineer
91,74,5,2,4,3,10,3,0,0,8,Software Engineer
80,67,5,3,5,0,6,3,0,3,8,Software Engineer
95,80,2,4,4,5,8,2,2,2,8,Data Scientist
73,84,4,4,4,0,5,2,2,5,8,Software Engineer
75,67,3,4,5,4,2,2,3,4,7,Accountant
77,62,5,3,5,3,8,2,2,3,5,Software Engineer
63,89,2,2,2,5,9,4,5,1,4,Doctor
91,84,3,2,2,4,8,1,6,3,1,Doctor
67,90,2,4,2,2,1,7,8,0,2,Teacher
85,64,3,3,4,3,2,1,5,1,8,Accountant
74,74,4,4,4,3,7,5,2,4,8,Software Engineer
82,81,2,4,4,3,2,4,8,4,5,Teacher
72,83,4,2,4,3,6,2,8,4,2,Doctor
61,64,4,5,3,5,3,1,3,7,3,Entrepreneur
89,93,2,5,2,2,1,6,9,1,0,Teacher
83,85,2,5,3,1,3,7,7,0,2,Teacher
83,95,4,2,2,1,8,3,9,3,1,Doctor
77,92,4,2,4,1,7,3,7,0,3,Doctor
95,67,3,4,5,2,8,4,4,3,8,Data Scientist
71,80,4,5,4,1,1,6,9,2,4,Teacher
80,61,4,5,3,7,3,5,5,7,5,Entrepreneur
66,81,4,4,2,4,0,8,7,4,1,Teacher
85,89,4,5,4,7,0,3,2,9,1,Entrepreneur
78,72,4,2,4,3,7,3,2,1,6,Data Scientist
77,65,5,2,4,2,8,3,3,0,5,Software Engineer
89,92,4,5,3,5,1,1,5,9,4,Entrepreneur
69,69,4,5,2,4,3,3,2,10,4,Entrepreneur
81,91,2,4,4,0,2,3,2,4,8,Accountant
65,93,2,4,4,5,4,4,2,6,4,Entrepreneur
84,61,3,4,5,3,0,0,4,5,8,Accountant
68,64,4,4,2,7,2,4,1,9,4,Entrepreneur
79,66,3,2,4,3,10,0,2,5,6,Data Scientist
90,88,4,3,2,0,6,5,6,4,0,Doctor
79,61,2,5,2,4,1,2,3,6,1,Entrepreneur
82,65,4,2,5,4,7,3,2,2,9,Data Scientist
61,81,4,4,3,7,2,0,0,7,5,Entrepreneur
73,65,2,4,4,7,3,4,1,8,2,Entrepreneur
64,84,3,4,3,5,8,2,8,0,3,Doctor
85,68,4,4,3,3,2,6,9,0,1,Teacher
81,63,5,3,5,0,6,3,0,2,5,Software Engineer
86,93,4,2,4,2,8,2,2,3,7,Software Engineer
63,78,3,4,3,1,4,7,10,3,4,Teacher
79,74,3,3,4,2,3,3,2,0,9,Accountant
94,64,4,3,5,3,3,1,3,0,7,Accountant
87,91,4,4,3,0,6,3,8,3,4,Doctor
81,84,2,3,5,4,4,3,3,3,10,Accountant
94,65,3,3,4,1,9,2,0,5,6,Data Scientist
73,96,4,4,4,1,6,0,7,3,0,Doctor
82,80,2,2,4,3,7,3,6,5,1,Doctor
85,88,2,3,4,3,4,3,2,1,7,Accountant
96,73,2,2,5,3,9,3,4,2,8,Data Scientist
60,79,4,4,5,4,7,2,3,3,8,Software Engineer
71,88,2,4,2,5,2,7,6,4,4,Teacher
77,82,3,4,2,5,2,3,3,8,3,Entrepreneur
77,71,2,3,4,0,9,1,3,1,8,Data Scientist
87,78,5,3,4,1,8,3,3,0,5,Software Engineer
89,86,2,4,4,2,9,2,4,0,6,Data Scientist
71,73,3,4,2,4,1,3,2,9,2,Entrepreneur
79,67,4,5,2,1,4,4,10,4,3,Teacher
85,77,4,3,5,4,5,1,5,2,4,Software Engineer
79,70,3,4,5,1,7,0,4,4,7,Data Scientist
76,72,3,4,4,3,4,5,7,5,3,Teacher
93,90,2,4,5,2,8,2,1,2,7,Data Scientist
76,64,4,2,4,3,9,0,4,2,7,Data Scientist
66,63,4,3,4,3,9,3,1,1,4,Software Engineer
77,86,2,3,5,2,2,4,3,4,10,Accountant
71,83,3,5,3,8,1,4,1,7,2,Entrepreneur
60,82,4,4,4,5,2,7,6,4,2,Teacher
63,71,4,3,4,3,6,3,4,5,8,Software Engineer
79,74,4,4,3,2,3,5,7,5,4,Teacher
66,69,2,4,4,3,2,5,8,5,5,Teacher
91,70,5,4,4,3,6,1,1,4,6,Software Engineer
83,73,4,3,4,3,4,1,1,3,10,Accountant
90,76,4,3,5,4,7,2,4,1,5,Data Scientist
71,81,4,3,2,4,8,4,7,2,0,Doctor
86,64,5,4,4,3,7,4,2,2,6,Software Engineer
72,83,3,5,3,0,5,7,8,3,1,Teacher
75,77,2,4,4,3,0,3,3,4,6,Accountant
82,81,4,5,3,6,1,2,1,7,2,Entrepreneur
71,69,4,4,5,2,7,1,5,4,5,Software Engineer
85,60,3,3,5,2,9,1,2,2,7,Data Scientist
89,85,3,3,5,2,0,4,5,1,8,Accountant
89,66,3,4,4,7,2,3,2,10,3,Entrepreneur
62,87,3,4,2,4,4,5,2,8,0,Entrepreneur
93,78,4,3,5,3,10,1,1,3,7,Data Scientist
68,95,3,3,2,2,6,4,8,2,4,Doctor
85,94,5,2,4,4,10,4,2,4,6,Software Engineer
62,93,2,3,3,4,7,2,5,3,3,Doctor
72,60,3,4,4,1,2,7,9,1,4,Teacher
76,61,5,3,5,2,8,4,1,4,6,Software Engineer
88,68,3,3,4,4,6,2,3,5,7,Data Scientist
92,62,2,3,5,4,3,1,2,3,7,Accountant
80,71,2,5,4,3,2,7,7,2,1,Teacher
83,70,5,2,4,0,9,3,4,3,7,Software Engineer
72,66,3,5,3,6,4,1,1,8,4,Entrepreneur
78,80,3,4,2,1,2,6,9,1,4,Teacher
84,60,4,4,5,1,3,4,5,2,6,Accountant
85,90,3,4,2,8,2,1,4,8,2,Entrepreneur
67,82,4,3,5,1,6,4,3,3,5,Software Engineer
71,62,4,5,3,7,3,3,2,10,3,Entrepreneur
92,89,2,4,4,5,3,5,3,9,2,Entrepreneur
91,80,2,4,3,2,6,1,7,0,3,Doctor
78,81,2,5,3,8,3,3,1,6,3,Entrepreneur
87,60,4,5,3,0,0,7,6,2,3,Teacher
86,85,2,4,5,2,8,4,2,2,7,Data Scientist
95,70,2,2,5,5,8,0,3,2,8,Data Scientist
75,86,3,2,3,2,6,5,8,1,4,Doctor
91,62,3,5,2,6,0,4,3,9,4,Entrepreneur
79,62,2,4,4,6,4,3,2,9,2,Entrepreneur
93,84,3,2,4,1,6,2,4,1,7,Data Scientist
66,73,4,2,4,1,8,5,4,3,7,Software Engineer
84,66,4,4,4,7,3,3,2,8,1,Entrepreneur
94,82,5,4,4,3,6,3,1,1,6,Software Engineer
94,64,3,5,3,0,2,6,8,3,4,Teacher
96,89,4,4,5,0,10,1,1,3,8,Data Scientist
67,91,2,5,4,5,0,2,1,8,3,Entrepreneur
89,71,4,2,5,2,8,3,3,3,7,Software Engineer
76,93,4,2,4,0,7,1,3,3,6,Software Engineer
88,94,2,3,3,4,7,3,9,2,1,Doctor
87,84,3,2,4,1,8,2,2,3,8,Data Scientist
79,65,4,5,2,6,3,2,0,9,2,Entrepreneur
93,94,4,3,5,3,9,4,4,3,7,Data Scientist
91,83,4,4,4,4,1,2,2,8,3,Entrepreneur
83,88,3,2,4,4,3,3,3,3,8,Accountant
78,72,5,2,4,3,9,3,1,4,5,Software Engineer
85,84,5,4,4,4,7,0,2,4,7,Software Engineer
90,86,3,4,3,3,3,5,9,2,0,Teacher
68,66,3,5,4,6,3,4,1,7,2,Entrepreneur
60,72,2,5,2,5,2,4,3,7,5,Entrepreneur
84,74,2,4,5,0,4,0,1,0,8,Accountant
63,63,4,4,2,3,5,5,7,4,4,Teacher
94,70,4,4,3,5,3,0,2,7,3,Entrepreneur
89,73,3,4,4,2,9,3,4,3,7,Data Scientist
90,62,3,3,4,5,1,4,3,1,9,Accountant
79,78,3,3,5,3,3,3,4,4,7,Accountant
70,77,2,5,3,3,2,8,6,3,1,Teacher
87,72,2,4,2,6,3,2,1,7,3,Entrepreneur
78,62,4,3,4,1,8,0,3,1,7,Data Scientist
87,96,4,2,3,1,8,4,7,4,4,Doctor
79,72,5,3,5,2,8,2,1,5,6,Software Engineer
60,64,2,5,2,5,3,5,8,2,1,Teacher
82,82,4,2,5,1,6,2,2,2,6,Software Engineer
80,85,3,4,2,0,1,6,10,1,2,Teacher
83,90,4,2,4,2,7,4,1,5,9,Data Scientist
92,81,3,3,5,4,8,4,3,1,9,Data Scientist
75,80,3,4,4,4,2,6,10,3,3,Teacher
63,91,3,5,2,4,0,4,4,8,2,Entrepreneur
83,72,4,2,4,5,9,0,0,2,8,Data Scientist
84,86,4,4,4,2,1,2,1,4,10,Accountant
80,93,2,2,5,2,1,3,2,1,6,Accountant
90,87,2,5,2,6,1,5,1,8,3,Entrepreneur
68,96,3,4,4,2,7,4,8,2,3,Doctor
88,78,4,3,5,2,7,4,3,1,7,Data Scientist
81,79,4,4,5,4,2,2,2,2,10,Accountant
79,67,3,2,4,2,10,4,5,1,9,Data Scientist
73,80,4,5,3,1,1,7,6,2,3,Teacher
66,78,3,5,3,5,3,3,4,7,4,Entrepreneur
86,90,2,2,2,1,6,1,9,5,2,Doctor
84,66,4,5,4,4,3,2,2,8,1,Entrepreneur
74,97,4,3,4,4,9,2,5,3,2,Doctor
61,81,2,3,4,3,9,1,7,0,2,Doctor
72,79,2,5,4,4,3,6,8,3,2,Teacher
78,80,4,3,5,1,6,1,2,0,7,Software Engineer
92,94,3,5,3,6,1,4,3,8,4,Entrepreneur
94,74,4,5,4,6,4,2,3,9,3,Entrepreneur
73,73,4,4,4,4,8,2,2,2,8,Software Engineer
70,83,3,2,4,1,5,2,6,3,0,Doctor
83,88,3,2,4,3,8,3,2,2,5,Data Scientist
86,61,2,2,5,4,2,2,3,1,6,Accountant
77,85,4,4,4,2,3,2,4,3,10,Accountant
82,84,2,2,4,1,8,1,9,2,5,Doctor
79,72,2,2,5,3,5,3,4,0,8,Accountant
63,77,4,4,2,5,4,1,1,8,3,Entrepreneur
70,87,3,3,4,1,9,3,6,4,3,Doctor
81,71,4,2,5,0,7,5,3,2,5,Data Scientist
79,90,2,5,2,2,2,6,8,1,2,Teacher
89,93,4,4,3,3,8,3,9,2,2,Doctor
66,85,4,4,4,3,6,4,3,2,5,Software Engineer
76,82,2,4,4,1,4,2,5,2,9,Accountant
88,67,3,2,5,2,8,3,3,1,9,Data Scientist
89,76,5,3,4,1,7,3,4,2,7,Software Engineer
79,79,3,4,3,1,1,8,6,5,2,Teacher
92,60,4,2,4,5,2,4,3,2,8,Accountant
84,66,2,4,4,5,9,3,4,4,7,Data Scientist
89,92,4,4,3,5,7,3,5,5,3,Doctor
77,89,4,4,2,4,1,2,1,8,4,Entrepreneur
76,79,2,4,2,3,3,6,9,4,1,Teacher
60,87,4,3,3,2,7,4,7,3,3,Doctor
86,87,2,5,3,7,4,2,3,8,2,Entrepreneur
89,61,3,4,2,5,1,3,2,8,2,Entrepreneur
81,93,4,3,2,5,6,2,6,3,4,Doctor
78,83,2,3,2,3,7,3,6,1,2,Doctor
94,82,4,4,2,1,3,4,8,4,1,Teacher
87,61,5,3,4,1,9,4,0,2,5,Software Engineer
87,76,3,2,4,2,6,3,0,1,5,Data Scientist
61,97,4,2,4,3,8,1,5,1,3,Doctor
80,65,4,4,3,7,2,3,1,7,1,Entrepreneur
87,94,3,3,5,4,7,4,3,3,6,Data Scientist
77,75,4,5,2,4,4,7,10,1,4,Teacher
84,60,2,4,3,4,0,5,9,5,3,Teacher
94,73,5,4,4,4,8,2,2,2,6,Software Engineer
63,86,4,3,5,3,6,2,3,1,7,Software Engineer
83,72,3,2,4,4,3,4,4,4,10,Accountant
72,83,4,4,3,5,2,1,2,9,2,Entrepreneur
62,70,3,4,2,6,2,3,1,9,0,Entrepreneur
67,77,2,5,4,3,3,7,7,1,3,Teacher
90,74,5,2,4,2,8,3,3,2,7,Software Engineer
83,79,2,2,4,2,2,3,4,3,8,Accountant
81,60,2,2,4,3,9,3,2,3,7,Data Scientist
74,75,2,4,3,3,2,5,9,2,2,Teacher
79,80,4,4,4,3,2,3,0,1,10,Accountant
84,64,3,2,4,1,7,4,0,4,9,Data Scientist
74,77,3,5,2,5,2,5,4,7,5,Entrepreneur
90,77,3,3,4,0,1,2,3,2,8,Accountant
81,72,4,4,4,2,3,3,2,4,7,Accountant
84,63,3,4,3,8,0,0,3,7,2,Entrepreneur
77,92,2,5,2,7,2,1,3,7,3,Entrepreneur
88,66,2,4,2,4,3,2,0,6,1,Entrepreneur
68,82,5,4,4,2,10,2,4,4,6,Software Engineer
91,81,3,2,3,5,6,5,8,4,3,Doctor
88,70,3,4,3,6,1,4,1,9,2,Entrepreneur
63,83,4,2,3,5,6,2,5,4,4,Doctor
63,90,4,4,3,8,5,5,1,8,4,Entrepreneur
79,64,4,5,4,3,1,6,8,0,2,Teacher
62,82,4,4,4,0,6,2,4,2,7,Software Engineer
89,68,4,4,4,3,1,5,3,5,7,Accountant
96,71,2,2,5,1,9,3,5,4,9,Data Scientist
85,87,3,3,4,3,7,2,3,1,8,Data Scientist
68,83,4,2,4,2,8,2,4,2,6,Software Engineer
88,87,2,4,4,2,7,4,7,4,3,Doctor
86,74,4,5,2,3,2,5,7,1,2,Teacher
87,87,5,2,4,1,9,2,0,1,5,Software Engineer
62,81,4,3,5,4,8,1,0,4,7,Software Engineer
63,77,4,5,3,1,3,4,10,4,2,Teacher
66,87,4,4,5,3,8,0,1,0,4,Software Engineer
77,68,2,5,3,0,5,6,9,5,2,Teacher
89,66,4,5,2,4,0,1,3,10,1,Entrepreneur
84,81,4,4,4,1,8,1,2,2,7,Software Engineer
88,73,2,3,4,0,8,3,1,1,8,Data Scientist
73,61,3,5,4,7,2,2,3,10,3,Entrepreneur
81,87,2,4,4,0,1,5,4,4,8,Accountant
77,62,4,4,4,5,7,0,2,0,7,Software Engineer
87,66,2,2,4,2,3,5,3,1,8,Accountant
78,75,5,2,5,3,8,4,5,3,6,Software Engineer
84,85,2,5,2,8,2,1,3,7,2,Entrepreneur
87,84,2,4,2,8,4,3,5,7,1,Entrepreneur
81,82,4,4,4,3,7,4,2,4,5,Data Scientist
87,60,5,4,4,3,9,4,4,2,5,Software Engineer
86,72,2,4,5,3,0,3,4,3,8,Accountant
74,71,4,3,5,3,6,4,2,3,6,Software Engineer
74,96,2,4,3,3,7,2,8,4,3,Doctor
75,77,3,4,4,6,1,5,1,8,2,Entrepreneur
95,63,4,2,5,3,8,3,0,3,6,Data Scientist
61,85,2,2,2,3,7,5,7,2,0,Doctor
62,97,3,4,2,4,9,0,6,0,1,Doctor
72,90,2,5,4,4,1,2,1,7,2,Entrepreneur
77,73,3,3,4,2,3,5,2,3,8,Accountant
68,87,3,5,4,3,2,7,8,3,4,Teacher
87,79,3,3,5,4,2,3,2,4,9,Accountant
92,82,2,5,4,1,2,6,6,2,3,Teacher
81,94,2,2,4,1,0,1,4,4,9,Accountant
73,90,3,3,3,2,8,4,7,2,2,Doctor
63,84,3,3,2,5,7,3,7,4,3,Doctor
71,69,3,4,3,4,2,8,6,1,5,Teacher
78,88,4,3,3,0,5,0,9,3,1,Doctor
68,73,3,4,2,5,4,1,2,10,1,Entrepreneur
77,71,2,4,3,2,2,6,7,4,0,Teacher
81,72,2,3,5,3,8,5,3,1,6,Data Scientist
61,70,3,5,4,4,4,7,10,2,3,Teacher
73,76,3,5,2,5,1,3,2,10,4,Entrepreneur
82,64,2,5,3,6,0,1,2,8,5,Entrepreneur
87,70,4,5,3,2,0,6,8,5,3,Teacher
93,83,4,4,4,1,3,5,8,2,5,Teacher
88,63,3,4,3,7,3,2,1,9,1,Entrepreneur
63,84,2,5,3,5,1,5,8,3,2,Teacher
70,72,5,4,5,2,6,5,1,0,4,Software Engineer
89,61,4,2,5,2,9,2,4,4,7,Data Scientist
94,89,2,4,2,3,7,4,6,4,0,Doctor
76,73,2,5,3,6,2,5,4,8,4,Entrepreneur
63,90,3,3,2,2,8,2,8,2,2,Doctor
83,86,3,2,5,2,7,2,2,1,6,Data Scientist
95,87,2,2,5,5,7,2,2,3,8,Data Scientist
94,90,3,4,4,5,8,3,6,5,3,Doctor
60,72,3,4,2,5,0,3,2,9,4,Entrepreneur
86,83,2,2,4,2,3,1,4,4,7,Accountant
65,85,2,3,2,3,6,4,8,0,2,Doctor
81,85,4,4,3,3,4,4,9,5,3,Teacher
66,78,5,4,4,2,10,2,2,2,5,Software Engineer
66,62,3,5,2,5,0,7,9,1,3,Teacher
83,64,4,4,4,2,2,3,3,3,6,Accountant
78,91,4,3,5,4,3,3,4,2,9,Accountant
91,75,4,4,5,4,8,5,0,2,7,Software Engineer
93,71,3,4,3,5,3,2,0,10,4,Entrepreneur
65,62,4,4,2,6,2,4,2,10,5,Entrepreneur
93,67,4,4,3,5,2,3,0,8,4,Entrepreneur
76,68,2,3,5,1,10,4,5,1,6,Data Scientist
80,81,3,2,4,3,10,3,3,0,7,Data Scientist
93,94,2,2,5,4,7,2,2,2,8,Data Scientist
83,82,2,4,2,6,4,0,4,7,2,Entrepreneur
89,80,2,2,4,3,2,3,1,2,8,Accountant
94,87,4,3,4,3,9,2,0,1,7,Software Engineer
76,83,3,4,4,4,1,3,0,8,2,Entrepreneur
88,87,4,4,2,3,8,2,7,4,1,Doctor
80,83,3,2,4,4,2,2,2,3,9,Accountant
60,91,2,5,3,4,1,7,6,2,4,Teacher
74,93,3,4,4,2,2,5,9,3,2,Teacher
69,88,4,2,4,4,7,1,7,4,0,Doctor
61,64,4,2,4,0,7,4,4,4,8,Software Engineer
87,68,3,2,4,0,4,2,3,2,10,Accountant
79,74,4,4,5,4,1,0,4,2,7,Accountant
64,76,3,5,4,2,1,5,8,2,2,Teacher
93,81,4,4,4,4,2,3,1,2,7,Accountant
73,61,3,5,2,2,4,5,6,4,4,Teacher
91,94,4,4,4,4,2,5,9,4,5,Teacher
62,74,2,4,2,2,2,6,7,3,1,Teacher
64,64,2,5,3,6,2,4,1,10,1,Entrepreneur
79,86,5,4,5,0,7,0,3,0,4,Software Engineer
86,60,2,4,3,1,2,5,8,4,0,Teacher
63,73,3,4,3,3,5,6,6,4,1,Teacher
77,94,4,4,4,4,6,0,2,4,5,Software Engineer
79,86,3,3,4,2,8,0,1,3,6,Data Scientist
88,69,4,2,5,4,9,2,1,3,5,Data Scientist
68,60,2,4,2,6,2,3,0,8,4,Entrepreneur
80,91,3,5,4,6,2,4,2,10,2,Entrepreneur
72,76,5,2,4,0,9,2,1,3,5,Software Engineer
91,71,2,3,5,3,3,4,4,3,7,Accountant
79,90,4,4,3,2,8,4,7,2,3,Doctor
88,90,3,2,2,3,8,3,6,3,2,Doctor
86,88,3,2,4,2,6,4,9,4,3,Doctor
67,66,4,4,5,1,8,2,2,5,6,Software Engineer
61,89,4,2,2,1,8,3,8,1,1,Doctor
62,66,5,2,4,2,8,2,3,3,6,Software Engineer
71,94,4,2,3,3,7,4,6,1,2,Doctor
93,91,2,4,5,1,7,1,0,0,6,Data Scientist
83,88,2,4,4,5,1,2,0,4,7,Accountant
72,70,5,4,5,2,7,3,2,3,5,Software Engineer
60,93,4,4,4,0,8,2,3,2,5,Software Engineer
91,88,4,2,3,1,7,1,6,2,4,Doctor
78,83,3,4,3,5,1,7,7,3,1,Teacher
69,81,5,2,5,3,8,3,4,4,4,Software Engineer
79,77,5,2,5,2,8,2,5,3,8,Software Engineer
70,93,3,4,3,1,7,3,6,3,2,Doctor
87,68,4,2,5,5,4,2,0,4,9,Accountant
93,94,3,4,4,2,8,4,3,4,6,Data Scientist
83,82,4,3,5,3,8,4,3,3,5,Software Engineer
93,88,2,5,2,5,4,1,0,9,4,Entrepreneur
63,83,2,4,2,3,8,1,8,2,3,Doctor
75,92,5,2,4,1,8,2,2,4,5,Software Engineer
83,77,2,2,4,3,2,5,5,5,7,Accountant
73,67,2,4,4,3,3,7,8,2,1,Teacher
88,91,2,5,3,5,2,2,3,9,2,Entrepreneur
92,67,3,4,3,4,3,8,9,1,1,Teacher
93,72,4,4,3,3,3,6,10,4,0,Teacher
80,84,3,4,4,2,3,2,5,2,7,Accountant
60,61,3,4,4,5,0,2,4,7,0,Entrepreneur
89,69,4,4,5,2,9,3,4,3,8,Data Scientist
84,73,3,3,4,1,8,4,2,2,6,Data Scientist
72,76,5,3,5,2,6,2,4,2,8,Software Engineer
93,69,4,4,3,5,5,5,3,9,2,Entrepreneur
89,86,3,4,4,1,6,0,1,3,7,Data Scientist
80,93,4,5,4,3,4,4,6,1,0,Teacher
87,68,5,2,4,1,9,2,3,3,5,Software Engineer
92,74,2,2,5,1,8,4,3,1,8,Data Scientist
76,79,2,4,4,7,0,1,1,10,0,Entrepreneur
88,62,2,4,5,3,2,4,2,3,10,Accountant
83,94,4,3,2,2,7,5,7,3,0,Doctor
87,91,5,4,4,2,8,3,1,5,8,Software Engineer
93,78,3,4,4,1,2,2,5,2,10,Accountant
65,70,3,5,4,0,0,5,7,2,4,Teacher
63,70,4,4,3,3,3,6,7,3,0,Teacher
85,86,2,2,4,2,9,3,3,4,9,Data Scientist
88,93,2,4,4,7,5,4,4,8,3,Entrepreneur
92,83,4,2,4,4,6,2,3,4,6,Software Engineer
83,89,2,5,4,5,3,2,5,7,1,Entrepreneur
81,79,4,2,5,3,8,2,1,2,8,Data Scientist
83,74,4,2,5,3,2,1,3,0,8,Accountant
81,81,4,4,2,7,4,2,5,8,1,Entrepreneur
77,86,4,4,3,1,0,6,8,2,4,Teacher
68,85,4,4,5,0,7,1,2,1,5,Software Engineer
76,94,2,2,4,4,5,4,9,1,3,Doctor
79,70,2,3,4,4,1,3,4,3,9,Accountant
86,81,2,4,4,3,8,5,7,3,1,Doctor
87,69,4,4,4,3,8,2,3,1,7,Data Scientist
88,90,2,2,5,2,4,4,3,4,9,Accountant
76,74,4,4,4,3,10,2,2,2,5,Software Engineer
90,83,2,3,2,1,8,4,6,5,5,Doctor
88,69,4,4,5,3,9,2,3,2,4,Software Engineer
87,68,3,5,3,4,1,5,9,3,4,Teacher
93,86,3,4,5,1,2,2,2,1,8,Accountant
75,88,4,2,4,3,7,2,3,1,4,Software Engineer
76,93,3,4,4,2,0,6,7,1,2,Teacher
83,87,4,5,3,4,2,6,9,1,4,Teacher
77,80,2,4,3,2,2,7,9,2,3,Teacher
94,75,3,5,4,3,0,7,9,2,1,Teacher
80,67,4,2,5,3,9,3,2,4,7,Software Engineer
76,73,3,3,4,2,6,2,3,3,7,Data Scientist
79,85,2,4,2,5,3,5,3,10,2,Entrepreneur
60,83,4,3,5,1,9,4,4,4,6,Software Engineer
87,85,4,4,5,1,10,3,2,5,7,Software Engineer
85,89,3,4,5,2,3,3,4,2,7,Accountant
90,90,4,2,4,3,8,5,2,2,7,Software Engineer
82,85,4,4,5,1,10,2,2,4,8,Data Scientist
86,78,3,3,4,0,8,4,1,4,8,Data Scientist
90,88,4,4,4,2,4,2,2,0,6,Accountant
90,84,3,2,4,2,8,2,5,3,4,Doctor
93,78,3,5,3,4,1,6,9,3,2,Teacher
81,77,3,3,4,3,0,2,3,3,9,Accountant
94,74,4,4,5,2,10,2,0,2,6,Software Engineer
80,85,2,3,4,5,9,3,6,3,2,Doctor
80,79,4,4,5,2,7,5,4,2,5,Software Engineer
91,65,3,4,5,4,7,3,2,2,8,Data Scientist
84,78,4,4,4,4,8,0,2,2,5,Data Scientist
79,69,4,2,4,3,3,5,1,2,10,Accountant
83,73,4,2,5,2,2,4,1,0,8,Accountant
81,93,4,4,4,1,8,3,0,3,7,Data Scientist
60,74,2,4,2,1,3,7,7,2,3,Teacher
96,85,3,4,4,1,7,2,0,2,6,Data Scientist
91,81,4,2,4,0,7,5,6,3,3,Doctor
78,64,4,4,4,3,7,3,1,4,7,Software Engineer
91,91,2,4,5,0,8,4,3,1,8,Data Scientist
74,94,4,4,5,2,8,4,2,5,6,Software Engineer
81,81,2,4,3,5,7,1,7,3,2,Doctor
83,89,2,3,5,1,4,3,5,3,7,Accountant
83,74,4,5,3,3,2,5,8,2,5,Teacher
90,76,4,2,5,0,1,3,3,3,7,Accountant
82,91,2,2,4,2,8,3,3,4,6,Data Scientist
83,82,4,2,4,3,8,1,6,3,3,Doctor
84,60,3,4,2,6,2,2,2,7,2,Entrepreneur
62,71,4,5,4,8,3,3,1,7,4,Entrepreneur
89,79,3,4,4,2,7,1,2,2,7,Data Scientist
91,86,3,2,2,3,6,1,7,0,2,Doctor
76,65,4,5,4,6,4,2,2,10,3,Entrepreneur
85,71,2,5,3,5,4,2,2,8,2,Entrepreneur
78,83,2,2,3,4,6,2,5,4,4,Doctor
91,71,3,4,4,3,4,2,1,3,6,Accountant
71,86,3,2,2,4,6,1,6,2,1,Doctor
79,78,2,4,4,3,4,2,2,4,10,Accountant
66,91,2,4,4,4,5,2,3,8,5,Entrepreneur
79,81,4,5,3,5,4,3,3,6,3,Entrepreneur
81,87,2,4,4,1,1,3,4,3,8,Accountant
78,66,2,4,2,0,3,6,8,3,5,Teacher
63,84,4,2,5,2,7,2,1,2,7,Software Engineer
62,92,4,3,4,2,7,3,9,3,1,Doctor
94,88,3,5,3,2,0,5,8,3,4,Teacher
70,77,5,4,5,2,5,4,3,3,5,Software Engineer
62,93,2,3,3,2,6,0,7,2,0,Doctor
71,87,5,4,4,4,7,0,5,3,5,Software Engineer
94,73,4,5,4,4,0,3,1,8,3,Entrepreneur
90,93,4,4,4,3,5,4,7,0,2,Doctor
79,78,4,4,3,5,1,2,2,8,3,Entrepreneur
92,90,4,3,4,2,3,2,3,2,6,Accountant
81,92,4,2,3,3,5,4,7,1,5,Doctor
79,68,3,5,4,4,3,6,7,2,3,Teacher
66,85,3,3,2,1,8,3,7,3,1,Doctor
91,71,4,3,4,4,10,2,3,1,7,Data Scientist
71,82,5,3,5,0,8,2,3,1,4,Software Engineer
81,75,2,4,5,1,5,4,1,1,8,Accountant
68,92,4,4,2,4,4,5,1,10,3,Entrepreneur
88,93,3,3,5,5,8,4,4,2,5,Data Scientist
82,83,3,4,3,2,7,3,7,4,2,Doctor
70,89,4,4,3,4,8,1,8,5,4,Doctor
84,94,2,4,4,3,3,4,5,4,7,Accountant
62,94,3,4,3,2,6,4,9,2,0,Doctor
81,88,4,2,5,5,9,4,2,1,5,Data Scientist
79,64,3,4,4,3,7,2,4,4,9,Data Scientist
76,87,2,2,4,3,7,2,6,5,2,Doctor
81,89,3,4,4,5,2,4,2,3,10,Accountant
71,93,2,5,2,0,4,6,8,2,2,Teacher
94,60,4,2,4,2,1,2,0,2,9,Accountant
91,66,4,3,4,2,6,1,3,2,8,Data Scientist
74,75,2,4,2,1,1,4,8,1,4,Teacher
61,74,2,5,2,6,4,5,0,7,2,Entrepreneur
83,66,3,3,4,2,2,2,3,1,8,Accountant
94,93,4,2,4,2,9,1,7,4,5,Doctor
87,70,4,3,4,2,8,3,5,3,6,Software Engineer
67,60,3,4,4,3,3,6,9,3,0,Teacher
82,96,2,2,2,3,8,4,5,1,3,Doctor
76,81,3,3,5,2,7,1,2,1,7,Data Scientist
80,69,3,4,4,0,1,6,7,5,3,Teacher
63,90,3,3,2,1,7,3,5,2,2,Doctor
80,85,2,3,4,4,6,2,9,4,4,Doctor
90,90,4,3,4,2,8,3,9,3,2,Doctor
86,63,2,2,4,3,8,4,5,4,6,Data Scientist
80,94,2,4,3,8,3,0,2,8,2,Entrepreneur
66,76,4,4,3,4,1,5,6,3,3,Teacher
92,79,2,5,3,1,2,6,6,4,4,Teacher
81,87,2,2,5,3,2,3,3,1,8,Accountant
81,97,2,2,4,2,7,5,7,3,0,Doctor
88,72,2,3,4,5,3,2,4,2,8,Accountant
86,68,2,5,2,1,4,5,10,5,3,Teacher
73,67,4,4,5,2,9,3,3,3,7,Software Engineer
91,67,2,2,4,4,8,2,4,0,7,Data Scientist
76,61,4,3,5,2,2,3,1,3,9,Accountant
91,60,5,2,5,3,8,3,3,5,7,Software Engineer
75,83,2,4,4,0,4,5,3,0,8,Accountant
72,95,2,3,3,3,5,2,5,2,5,Doctor
68,90,4,4,4,3,1,6,10,3,4,Teacher
86,70,4,5,4,4,3,7,7,2,4,Teacher
94,95,3,4,4,2,8,1,7,3,3,Doctor
75,85,2,4,4,2,4,6,7,2,3,Teacher
90,84,3,4,4,0,4,3,4,3,8,Accountant
87,90,5,3,4,2,7,3,2,2,6,Software Engineer
67,80,2,5,3,1,5,4,8,1,5,Teacher
70,82,4,2,4,5,5,3,6,4,1,Doctor
68,80,2,4,2,4,9,3,5,2,1,Doctor
61,73,2,5,4,2,5,6,8,3,2,Teacher
77,68,2,2,4,0,10,1,4,0,7,Data Scientist
81,82,3,2,5,2,1,3,3,3,8,Accountant
86,68,3,4,4,1,1,2,2,0,8,Accountant
92,81,2,4,4,2,6,3,8,1,1,Doctor
63,90,4,2,2,3,9,4,7,1,3,Doctor
87,93,2,3,5,3,10,2,5,5,8,Data Scientist
63,66,5,2,5,1,8,4,1,2,6,Software Engineer
78,83,3,2,4,3,8,5,3,3,5,Data Scientist
85,69,2,2,5,1,6,2,2,2,8,Data Scientist
87,93,3,4,2,5,4,2,5,7,3,Entrepreneur
84,66,4,2,4,2,8,3,2,3,9,Data Scientist
88,71,4,4,5,1,5,2,0,4,8,Accountant
72,61,3,4,2,7,2,3,3,7,3,Entrepreneur
86,92,5,3,4,1,9,2,1,0,8,Software Engineer
83,69,4,4,4,1,9,2,3,0,7,Data Scientist
78,89,2,3,5,3,2,3,4,2,8,Accountant
83,84,2,3,4,1,7,1,4,0,5,Data Scientist
90,61,3,4,3,4,4,3,2,10,4,Entrepreneur
74,93,4,5,2,1,1,7,7,3,4,Teacher
82,66,2,4,4,7,4,2,3,8,2,Entrepreneur
84,82,4,5,2,4,4,6,6,2,3,Teacher
82,88,4,3,5,2,2,0,4,2,7,Accountant
69,62,4,5,4,5,4,3,3,9,3,Entrepreneur
84,74,3,3,5,3,3,2,4,3,8,Accountant
64,96,3,3,2,3,5,1,7,2,1,Doctor
86,81,2,4,4,2,2,1,0,4,6,Accountant
90,92,2,4,5,2,6,2,3,1,6,Data Scientist
62,72,4,4,2,3,3,8,10,1,2,Teacher
81,68,3,3,5,2,6,1,2,4,7,Data Scientist
93,66,3,2,4,2,3,3,1,2,8,Accountant
78,85,4,2,4,1,8,3,5,3,1,Doctor
79,65,4,3,4,2,8,0,4,1,7,Data Scientist
88,75,4,2,5,1,6,3,3,4,7,Software Engineer
92,92,2,5,2,6,1,3,2,9,3,Entrepreneur
89,81,2,5,4,4,1,5,6,3,4,Teacher
75,81,4,5,4,5,2,1,2,8,3,Entrepreneur
61,84,2,5,3,7,4,3,2,7,1,Entrepreneur
94,85,5,2,4,4,9,5,2,1,7,Software Engineer
93,86,4,4,5,3,8,4,2,3,7,Data Scientist
66,60,5,3,5,2,7,2,2,1,7,Software Engineer
82,83,5,4,4,3,7,2,3,2,6,Software Engineer
93,66,4,5,4,1,5,6,9,4,3,Teacher
79,87,3,2,3,3,8,2,8,4,3,Doctor
85,69,4,3,4,1,0,5,2,2,9,Accountant
86,64,3,5,2,2,1,5,10,1,5,Teacher
86,74,4,4,5,1,9,2,3,3,8,Data Scientist
82,70,5,4,5,3,8,3,0,5,6,Software Engineer
77,70,4,4,4,1,6,5,4,3,5,Software Engineer
83,66,3,2,4,0,8,3,1,3,7,Data Scientist
79,91,3,3,5,4,7,3,3,4,6,Data Scientist
68,89,4,3,2,2,7,2,8,0,4,Doctor
79,79,4,4,3,4,5,7,8,2,2,Teacher
94,95,4,2,2,5,7,2,7,4,1,Doctor
81,73,2,4,4,4,2,6,7,5,1,Teacher
64,76,2,4,4,8,4,4,2,8,3,Entrepreneur
76,91,3,4,4,5,3,0,4,3,6,Accountant
79,82,4,4,5,0,4,2,4,1,10,Accountant
75,60,2,4,4,2,1,3,3,1,8,Accountant
82,91,2,4,3,0,9,3,8,2,5,Doctor
76,66,4,5,2,6,3,3,1,10,3,Entrepreneur
66,89,5,2,5,4,8,0,4,2,8,Software Engineer
94,79,3,2,4,2,7,5,2,1,6,Data Scientist
84,95,2,2,4,1,5,0,9,3,1,Doctor
76,81,4,3,2,2,7,1,8,2,2,Doctor
72,64,3,5,4,2,2,8,7,2,3,Teacher
87,78,3,4,4,1,2,0,3,3,7,Accountant
82,85,3,4,4,2,5,4,7,2,4,Doctor
87,88,4,4,4,2,9,2,2,2,7,Software Engineer
74,94,2,5,4,6,2,5,0,8,0,Entrepreneur
85,77,2,2,5,2,10,1,1,2,8,Data Scientist
67,87,4,4,2,4,1,5,0,8,4,Entrepreneur
68,70,5,3,5,2,8,2,1,2,7,Software Engineer
83,67,3,3,5,2,2,2,2,2,7,Accountant
66,88,2,4,2,6,4,3,4,10,2,Entrepreneur
80,89,2,3,4,1,4,3,2,3,8,Accountant
83,66,4,2,5,0,5,1,4,3,5,Software Engineer
82,90,4,5,4,7,3,2,4,9,0,Entrepreneur
84,71,2,4,3,1,2,8,8,4,3,Teacher
94,91,2,2,5,3,4,2,3,4,8,Accountant
76,80,4,3,3,1,7,3,7,2,2,Doctor
62,87,3,4,4,1,2,7,7,1,5,Teacher
93,86,4,3,4,3,8,3,3,4,6,Data Scientist
81,89,4,4,5,4,3,4,2,1,8,Accountant
89,67,4,4,4,2,10,0,3,3,4,Software Engineer
84,63,4,4,5,1,2,2,2,2,9,Accountant
87,75,3,4,4,0,2,1,4,5,8,Accountant
84,93,5,3,5,1,9,1,3,3,8,Software Engineer
95,60,2,4,5,3,8,4,4,4,8,Data Scientist
72,92,3,3,3,3,6,3,5,3,1,Doctor
90,82,2,3,4,3,9,3,3,2,6,Data Scientist
75,64,4,2,4,1,7,1,4,4,5,Software Engineer
77,76,2,3,4,2,10,2,3,0,7,Data Scientist
92,74,3,5,3,4,1,7,9,1,3,Teacher
93,95,3,4,4,1,6,2,7,0,1,Doctor
93,67,4,3,4,4,7,3,1,0,6,Software Engineer
76,73,4,4,5,2,4,3,4,3,9,Accountant
76,73,2,4,2,0,5,6,6,1,2,Teacher
77,69,4,2,4,4,8,3,2,3,4,Software Engineer
90,91,2,4,4,2,10,2,2,1,9,Data Scientist
74,85,2,5,4,0,4,8,9,1,3,Teacher
92,89,2,3,4,4,5,2,2,3,6,Accountant
82,81,5,2,5,3,5,3,4,3,6,Software Engineer
78,81,5,3,4,3,8,4,3,4,7,Software Engineer
83,64,3,2,4,3,2,2,3,2,8,Accountant
81,69,4,4,2,1,4,5,8,2,2,Teacher
81,82,4,3,5,2,1,1,5,5,7,Accountant
85,91,2,4,2,2,4,6,7,4,5,Teacher
85,81,4,5,2,3,3,6,8,3,4,Teacher
66,81,4,2,4,3,7,1,2,4,6,Software Engineer
75,91,3,4,2,3,8,4,8,2,2,Doctor
83,94,3,2,3,2,8,1,5,2,3,Doctor
61,79,3,5,4,2,3,6,8,0,3,Teacher
75,66,3,3,4,5,3,3,3,1,7,Accountant
92,60,2,4,2,4,2,2,0,8,2,Entrepreneur
91,88,3,2,5,4,2,2,1,3,10,Accountant
88,78,2,4,3,8,5,1,3,6,2,Entrepreneur
85,83,2,5,4,4,3,5,2,9,4,Entrepreneur
93,69,3,4,4,3,4,1,1,3,9,Accountant
80,71,2,4,5,2,3,2,3,3,9,Accountant
61,74,3,4,3,5,4,4,2,8,2,Entrepreneur
64,88,2,4,4,7,0,3,4,7,4,Entrepreneur
84,96,4,2,2,4,8,4,5,4,3,Doctor
85,65,4,3,4,2,4,5,0,0,8,Accountant
93,94,4,3,5,1,1,2,1,4,7,Accountant
86,93,3,5,2,4,3,0,3,7,1,Entrepreneur
94,69,3,4,2,4,3,8,6,5,2,Teacher
61,76,2,4,2,6,2,2,5,8,4,Entrepreneur
82,78,5,3,5,1,9,1,2,0,7,Software Engineer
92,88,2,4,5,4,5,2,3,1,9,Accountant
82,72,2,5,2,7,2,1,4,9,5,Entrepreneur
79,80,3,3,5,0,5,3,3,5,8,Accountant
80,81,5,3,5,4,7,3,2,1,7,Software Engineer
86,91,3,4,2,3,9,3,6,2,1,Doctor
63,81,4,2,3,5,8,5,7,0,2,Doctor
94,63,4,2,5,3,10,3,2,0,5,Software Engineer
60,94,3,3,3,2,6,1,9,1,1,Doctor
74,69,4,5,2,4,1,6,6,1,4,Teacher
91,87,3,5,3,5,1,3,2,8,1,Entrepreneur
75,81,4,3,5,3,8,4,1,4,6,Software Engineer
82,64,2,5,2,5,4,5,3,9,2,Entrepreneur
82,83,2,4,4,3,6,1,9,3,4,Doctor
63,61,4,4,3,5,0,7,10,1,1,Teacher
97,82,4,3,5,4,10,2,3,2,9,Data Scientist
60,62,2,5,4,1,2,7,7,0,3,Teacher
86,85,5,4,4,4,7,4,1,0,5,Software Engineer
75,83,4,2,4,3,10,5,2,0,6,Data Scientist
89,74,4,4,5,3,2,4,2,3,8,Accountant
93,76,2,4,3,4,3,7,7,4,2,Teacher
71,89,2,5,4,4,5,7,9,4,2,Teacher
85,62,3,3,4,5,2,1,2,0,6,Accountant
90,94,4,3,2,1,7,2,8,1,1,Doctor
60,79,3,4,4,5,1,4,9,4,5,Teacher
83,61,3,2,5,4,9,5,3,3,6,Data Scientist
80,91,4,4,3,2,3,6,8,4,0,Teacher
92,88,3,4,5,2,2,0,2,3,6,Accountant
61,89,2,5,3,1,3,6,9,1,1,Teacher
79,90,3,3,2,3,6,1,7,3,4,Doctor
77,75,3,4,5,1,2,0,2,4,7,Accountant
87,90,3,3,4,2,1,5,1,5,9,Accountant
80,61,5,2,5,1,8,3,5,3,7,Software Engineer
74,90,2,4,3,2,1,7,6,1,1,Teacher
84,62,3,4,4,1,1,3,3,0,10,Accountant
66,85,3,4,3,3,1,7,6,2,2,Teacher
60,88,4,3,4,4,9,1,2,5,6,Software Engineer
88,62,3,5,3,2,5,8,9,5,2,Teacher
75,68,4,3,5,2,7,1,3,2,5,Data Scientist
78,83,4,4,3,2,3,6,8,3,5,Teacher
92,92,2,2,4,5,7,2,6,2,4,Doctor
86,68,2,4,2,2,4,7,7,2,2,Teacher
62,95,3,3,4,5,6,4,7,5,4,Doctor
62,87,4,4,4,6,3,1,4,7,1,Entrepreneur
79,80,4,3,4,5,6,2,1,4,4,Software Engineer
86,68,2,5,3,8,2,4,3,8,2,Entrepreneur
89,65,2,3,4,3,4,4,2,2,8,Accountant
88,82,4,4,4,4,3,2,2,3,8,Accountant
65,66,2,5,4,7,2,4,2,9,4,Entrepreneur
92,69,3,2,5,4,1,4,2,3,7,Accountant
66,60,2,4,2,6,1,4,4,9,0,Entrepreneur
69,86,3,5,4,6,4,2,4,8,1,Entrepreneur
93,86,4,4,5,2,8,4,5,4,8,Data Scientist
94,67,3,5,4,2,3,7,9,1,0,Teacher
77,61,2,4,5,1,1,4,1,4,10,Accountant
88,69,4,5,2,0,5,5,9,3,3,Teacher
61,91,4,3,3,2,7,2,6,0,3,Doctor
91,91,5,2,4,0,5,5,3,2,5,Software Engineer
91,83,2,4,5,3,2,4,1,0,8,Accountant
61,86,2,4,4,4,9,5,6,2,3,Doctor
75,94,3,4,4,2,9,4,4,4,7,Data Scientist
94,85,3,2,4,2,7,3,3,3,5,Data Scientist
66,87,2,3,3,4,7,5,7,1,3,Doctor
62,94,5,3,4,0,9,2,4,0,6,Software Engineer
83,67,2,5,4,4,4,6,10,3,5,Teacher
83,75,5,2,4,2,9,2,2,4,4,Software Engineer
76,90,2,2,4,2,1,4,1,4,10,Accountant
69,87,3,2,4,0,7,0,8,1,3,Doctor
60,91,2,2,4,1,6,3,8,1,2,Doctor
75,74,2,4,3,6,0,1,1,8,2,Entrepreneur
66,75,4,2,5,1,7,5,3,5,7,Software Engineer
75,77,4,4,2,6,3,0,1,7,1,Entrepreneur
87,87,4,4,5,1,8,3,3,3,8,Software Engineer
72,90,4,4,3,2,6,4,7,5,5,Doctor
83,83,4,4,4,4,3,2,1,4,9,Accountant
76,93,4,5,2,1,4,6,7,1,4,Teacher
66,93,2,3,4,4,8,0,5,3,2,Doctor
83,83,4,2,4,3,7,3,6,3,2,Doctor
74,94,4,5,2,2,4,5,8,0,2,Teacher
91,82,2,4,4,1,10,2,2,1,6,Data Scientist
85,84,4,2,4,4,9,2,3,1,5,Data Scientist
73,86,4,2,4,0,7,0,0,1,8,Software Engineer
62,75,3,4,3,5,3,2,0,6,3,Entrepreneur
64,65,4,4,5,4,9,3,1,0,8,Software Engineer
76,90,2,5,2,3,4,6,8,5,2,Teacher
92,71,2,2,5,5,1,2,2,4,10,Accountant
81,85,4,2,5,4,0,3,2,1,8,Accountant
73,70,4,5,2,2,4,4,8,3,2,Teacher
82,69,2,4,4,3,9,0,0,2,7,Data Scientist
93,60,5,2,5,1,10,4,2,2,8,Software Engineer
81,92,2,3,4,3,9,5,2,1,8,Data Scientist
65,94,3,5,4,1,1,4,9,1,5,Teacher
83,68,2,4,5,3,4,3,4,0,10,Accountant
78,84,4,4,4,2,10,4,4,1,8,Data Scientist
87,94,4,4,3,2,5,4,7,0,3,Doctor
68,82,3,4,2,5,9,4,6,1,0,Doctor
88,87,2,4,5,4,8,2,1,4,8,Data Scientist
79,83,4,3,2,2,7,1,6,1,5,Doctor
93,79,5,4,4,1,8,1,3,2,5,Software Engineer
86,83,3,4,4,4,7,2,3,2,7,Data Scientist
93,81,4,5,4,6,2,1,1,10,3,Entrepreneur
92,83,2,3,2,3,7,4,7,1,1,Doctor
76,61,4,4,4,8,3,5,5,8,3,Entrepreneur
84,94,4,4,2,2,3,7,7,2,3,Teacher
68,89,2,5,2,5,4,5,0,6,2,Entrepreneur
93,82,2,5,4,5,4,6,8,4,1,Teacher
85,85,3,3,3,3,6,1,7,4,4,Doctor
65,97,4,4,2,0,6,3,8,4,0,Doctor
93,76,2,3,4,5,6,3,4,3,8,Data Scientist
82,89,2,5,2,6,2,3,0,8,1,Entrepreneur
82,83,5,3,4,1,9,2,3,2,6,Software Engineer
89,87,2,4,4,6,3,3,0,8,3,Entrepreneur
75,82,3,2,4,2,4,5,3,2,8,Accountant
96,81,2,4,5,2,9,1,1,3,5,Data Scientist
97,71,4,2,4,0,9,4,3,4,8,Data Scientist
81,87,2,4,4,5,7,0,0,2,9,Data Scientist
89,92,4,4,4,4,8,4,9,2,4,Doctor
60,94,5,3,5,4,8,1,3,3,8,Software Engineer
97,63,3,3,5,1,8,3,2,2,8,Data Scientist
65,83,4,2,4,4,7,2,0,4,6,Software Engineer
93,83,4,2,4,3,3,4,1,5,7,Accountant
90,69,4,5,4,7,4,3,1,8,0,Entrepreneur
90,74,5,4,4,2,7,0,2,3,5,Software Engineer
80,82,4,3,4,1,7,3,8,3,4,Doctor
67,87,4,4,3,2,9,3,6,3,3,Doctor
88,91,4,4,4,2,4,3,3,3,9,Accountant
64,79,3,5,2,7,1,0,4,9,3,Entrepreneur
88,67,3,3,5,4,3,3,4,0,9,Accountant
85,82,3,3,4,0,9,4,3,2,9,Data Scientist
68,90,4,3,2,3,9,1,7,4,1,Doctor
94,80,2,3,5,1,1,3,3,4,8,Accountant
76,89,5,4,4,3,9,3,2,5,5,Software Engineer
84,77,2,3,5,5,3,2,5,1,7,Accountant
93,92,4,5,3,5,4,3,0,7,3,Entrepreneur
69,92,3,3,3,1,7,1,7,3,3,Doctor
83,60,4,5,4,3,4,5,10,5,4,Teacher
84,81,3,4,2,5,6,3,8,2,2,Doctor
79,85,4,3,3,1,9,5,9,3,1,Doctor
87,82,4,5,4,8,2,3,3,8,4,Entrepreneur
92,70,4,4,5,4,0,3,2,4,9,Accountant
86,90,4,2,4,4,4,1,0,2,6,Accountant
83,68,4,2,4,1,7,1,3,2,7,Software Engineer
91,64,5,2,4,2,9,4,3,3,4,Software Engineer
84,66,4,3,4,1,3,3,4,3,8,Accountant
86,71,4,4,4,7,3,2,3,8,1,Entrepreneur
69,82,3,5,2,4,3,7,7,1,1,Teacher
72,73,2,4,3,4,0,7,7,3,3,Teacher
86,81,2,2,5,2,8,4,3,1,5,Data Scientist
73,90,4,2,3,4,6,3,9,0,3,Doctor
90,63,5,2,5,5,7,2,4,3,5,Software Engineer
79,93,4,3,4,5,6,0,6,2,5,Doctor
78,86,4,4,4,2,7,1,2,5,6,Software Engineer
94,64,3,2,5,2,0,4,2,2,8,Accountant
83,64,5,3,4,4,8,5,4,2,6,Software Engineer
82,72,2,5,2,0,3,4,8,5,5,Teacher
68,63,4,2,5,4,10,2,3,2,6,Software Engineer
67,70,4,3,4,3,8,5,2,5,8,Software Engineer
91,73,2,4,4,4,4,2,4,2,9,Accountant
81,93,3,2,5,1,0,2,4,5,9,Accountant
77,69,4,4,3,2,3,7,8,1,3,Teacher
63,91,4,4,5,3,10,2,1,3,4,Software Engineer
70,62,3,4,2,3,3,4,6,0,5,Teacher
61,74,4,4,5,5,8,4,1,2,6,Software Engineer
60,60,4,3,4,3,10,3,0,5,8,Software Engineer
91,64,2,3,4,4,9,0,3,3,9,Data Scientist
90,86,2,4,5,3,0,3,3,2,6,Accountant
75,72,2,3,5,3,2,1,0,3,10,Accountant
88,71,3,4,5,2,10,4,0,2,6,Data Scientist
72,91,4,3,4,2,9,0,4,2,7,Software Engineer
72,90,5,4,5,0,8,3,3,3,4,Software Engineer
95,61,2,4,4,2,8,5,4,1,7,Data Scientist
90,69,5,3,4,1,7,0,2,4,6,Software Engineer
86,79,3,2,4,1,8,2,3,2,7,Data Scientist
72,82,2,4,3,4,3,2,3,9,4,Entrepreneur
72,81,2,5,4,6,5,5,1,8,4,Entrepreneur
88,74,5,2,5,3,6,3,4,1,5,Software Engineer
63,82,3,2,2,3,7,1,8,4,2,Doctor
88,72,4,3,5,2,3,2,2,0,6,Accountant
83,93,4,2,5,3,3,3,1,4,8,Accountant
76,72,3,5,2,5,1,4,5,7,1,Entrepreneur
84,83,4,4,4,3,7,2,3,4,7,Data Scientist
65,65,4,4,3,3,2,6,8,3,3,Teacher
60,94,5,4,4,2,8,2,1,3,7,Software Engineer
75,92,2,2,4,4,7,4,3,3,7,Data Scientist
66,71,4,4,2,4,2,5,10,2,2,Teacher
88,81,3,2,5,2,10,0,2,2,9,Data Scientist
83,73,2,2,4,2,5,3,0,2,9,Accountant
83,93,4,4,5,0,3,2,3,5,8,Accountant
87,75,4,3,5,1,9,2,3,4,5,Data Scientist
73,76,4,3,5,2,7,2,5,3,6,Software Engineer
78,71,3,2,5,1,2,2,1,4,7,Accountant
77,85,2,4,4,3,8,4,2,2,9,Data Scientist
62,92,3,4,4,1,6,3,6,4,3,Doctor
83,60,4,4,5,0,9,2,3,0,7,Software Engineer
78,72,4,2,4,5,1,4,2,4,6,Accountant
84,92,2,3,4,2,0,4,4,3,10,Accountant
97,74,3,2,4,3,8,2,2,2,7,Data Scientist
92,78,5,2,5,4,9,2,3,2,8,Software Engineer
88,69,4,5,2,1,2,4,8,3,4,Teacher
80,60,2,4,4,2,7,3,1,2,8,Data Scientist
62,73,4,3,4,1,8,3,0,5,6,Software Engineer
62,92,4,5,3,2,1,7,9,0,2,Teacher
84,92,4,2,4,4,2,1,1,2,10,Accountant
83,74,4,4,4,5,1,6,10,2,1,Teacher
81,85,3,3,5,3,3,0,2,4,8,Accountant
89,80,2,2,5,4,5,5,2,2,6,Accountant
68,82,3,4,4,1,3,5,10,5,2,Teacher
64,82,2,4,2,1,6,1,8,3,2,Doctor
76,84,3,3,4,2,4,2,1,3,9,Accountant
87,74,4,3,5,3,4,3,2,2,8,Accountant
71,90,5,4,4,3,7,0,2,2,7,Software Engineer
93,79,2,2,5,4,7,4,1,1,7,Data Scientist
81,75,2,4,4,7,2,4,4,9,2,Entrepreneur
84,85,3,5,2,7,3,3,0,9,1,Entrepreneur
93,84,4,4,3,6,1,3,3,9,2,Entrepreneur
77,83,5,3,5,3,6,3,1,4,7,Software Engineer
70,93,3,4,4,1,7,3,8,3,2,Doctor
77,77,2,3,4,2,3,1,3,5,7,Accountant
93,94,2,4,4,1,8,2,0,1,5,Data Scientist
97,67,3,3,4,1,9,4,1,1,5,Data Scientist
96,87,3,2,4,5,8,5,2,4,7,Data Scientist
81,81,2,2,5,1,9,3,2,2,7,Data Scientist
78,79,3,5,3,6,5,2,1,9,2,Entrepreneur
83,78,3,5,4,6,4,3,0,9,4,Entrepreneur
90,63,4,4,4,2,6,5,1,2,7,Data Scientist
85,94,4,2,4,3,1,4,4,0,6,Accountant
72,85,4,4,3,1,7,2,7,1,3,Doctor
62,85,5,3,4,2,8,5,2,5,6,Software Engineer
71,93,2,4,2,4,6,2,7,4,4,Doctor
88,72,2,4,4,0,2,7,8,1,4,Teacher
76,73,3,2,4,0,4,0,4,2,10,Accountant
75,88,2,2,3,3,8,4,7,4,2,Doctor
89,63,5,2,5,4,10,4,3,1,4,Software Engineer
88,72,2,4,3,7,4,4,1,10,3,Entrepreneur
84,60,5,4,5,1,7,0,3,2,6,Software Engineer
60,96,4,2,2,4,6,3,6,1,3,Doctor
61,72,5,3,4,1,8,3,5,2,5,Software Engineer
93,61,4,4,5,0,7,2,2,3,6,Data Scientist
71,91,4,4,2,4,1,7,10,3,1,Teacher
77,85,3,4,3,0,8,2,7,3,2,Doctor
94,77,4,2,4,3,6,3,0,5,7,Software Engineer
89,95,4,4,2,4,7,2,9,3,2,Doctor
94,74,4,4,5,2,2,2,0,5,9,Accountant
82,84,2,3,5,2,0,4,2,3,8,Accountant
85,85,3,2,4,1,3,0,3,3,8,Accountant
61,95,4,4,4,2,5,2,7,5,5,Doctor
96,94,2,4,4,3,8,5,5,5,7,Data Scientist
65,83,3,4,4,6,2,1,5,9,3,Entrepreneur
75,87,2,5,3,7,3,3,4,9,3,Entrepreneur
76,91,3,4,4,1,3,2,0,3,8,Accountant
78,91,2,2,5,3,4,2,1,4,7,Accountant
87,61,2,5,3,6,0,3,4,8,3,Entrepreneur
86,91,5,3,4,2,6,4,2,1,5,Software Engineer
83,73,3,4,5,4,7,0,1,0,8,Data Scientist
90,94,2,2,4,3,5,5,0,0,9,Accountant
69,71,4,5,4,5,3,7,7,2,1,Teacher
86,65,3,5,2,3,1,8,9,3,1,Teacher
60,69,4,5,3,6,4,4,4,7,1,Entrepreneur
91,96,2,2,3,1,8,0,7,1,1,Doctor
84,77,2,2,5,2,1,4,4,0,9,Accountant
62,86,4,4,2,5,8,5,7,2,3,Doctor
97,87,3,2,5,4,7,2,2,5,7,Data Scientist
63,88,5,3,4,1,6,3,3,1,8,Software Engineer
72,73,3,4,2,7,3,4,5,8,5,Entrepreneur
89,83,3,4,4,4,5,3,5,4,2,Doctor
75,65,5,3,4,5,8,4,2,0,6,Software Engineer
71,62,5,2,5,3,7,2,0,4,6,Software Engineer
93,81,4,5,4,5,4,1,2,9,3,Entrepreneur
76,75,2,2,5,1,9,3,1,3,5,Data Scientist
93,77,4,2,4,4,7,2,2,4,8,Data Scientist
60,81,4,4,4,1,8,4,1,2,7,Software Engineer
76,60,2,4,5,2,10,3,3,1,7,Data Scientist
70,75,4,4,5,4,8,2,3,4,7,Software Engineer
95,67,3,3,4,5,7,1,4,1,5,Data Scientist
76,87,3,4,4,0,2,4,2,4,9,Accountant
84,83,2,4,5,3,6,2,3,1,9,Data Scientist
68,74,4,3,5,3,7,4,2,5,7,Software Engineer
71,81,2,2,2,3,6,4,7,2,5,Doctor
63,94,3,5,2,1,1,6,7,4,1,Teacher
82,83,2,4,3,3,1,7,9,1,2,Teacher
84,71,4,2,4,1,8,1,1,4,6,Software Engineer
81,73,5,4,4,5,9,1,3,3,6,Software Engineer
68,93,2,5,2,6,3,1,2,10,4,Entrepreneur
69,62,4,3,5,0,8,4,1,2,6,Software Engineer
90,67,4,4,4,3,6,2,0,4,5,Software Engineer
74,80,3,5,2,5,1,8,7,3,1,Teacher
82,91,5,4,4,2,6,1,2,5,6,Software Engineer
77,78,4,4,4,2,7,3,3,3,5,Software Engineer
91,68,3,5,2,3,3,4,8,3,3,Teacher
88,80,2,4,4,3,2,2,3,5,9,Accountant
63,77,2,5,3,4,4,4,2,8,5,Entrepreneur
88,72,3,2,4,1,8,2,4,0,9,Data Scientist
76,63,4,4,2,0,0,8,7,3,5,Teacher
89,90,2,2,5,2,1,3,2,2,8,Accountant
81,86,2,3,3,1,6,2,8,4,3,Doctor
70,77,3,4,4,4,2,3,3,7,3,Entrepreneur
83,78,4,2,4,5,6,2,2,0,7,Software Engineer
90,90,3,4,4,0,8,1,4,3,7,Data Scientist
67,85,5,2,4,1,5,1,3,0,7,Software Engineer
87,74,2,3,4,5,7,5,3,1,6,Data Scientist
86,72,2,2,5,2,2,3,5,0,10,Accountant
70,80,3,4,2,8,4,2,5,6,2,Entrepreneur
75,82,4,4,4,3,6,2,8,4,2,Doctor
75,90,3,2,5,3,7,2,3,1,8,Data Scientist
88,62,4,4,3,4,3,0,1,8,5,Entrepreneur
89,94,2,3,4,3,10,2,3,2,6,Data Scientist
81,88,4,4,3,4,6,2,7,3,1,Doctor
87,86,2,5,4,7,3,3,3,8,5,Entrepreneur
63,92,2,3,4,2,7,3,8,1,3,Doctor
67,71,3,4,4,3,4,8,7,3,3,Teacher
87,70,4,5,4,4,3,2,1,10,3,Entrepreneur
85,71,4,2,5,1,10,1,2,5,5,Software Engineer
88,89,3,4,4,1,3,1,3,1,9,Accountant
88,70,5,3,5,2,6,4,2,1,7,Software Engineer
77,78,3,2,5,0,8,5,4,2,7,Data Scientist
66,83,2,4,4,1,5,4,7,0,3,Doctor
79,93,3,4,4,6,2,5,1,8,2,Entrepreneur
60,94,4,3,4,4,8,5,1,1,8,Software Engineer
71,82,4,4,2,3,6,5,7,4,2,Doctor
76,73,4,3,5,3,8,0,1,3,6,Software Engineer
84,93,2,4,4,0,6,2,6,5,5,Doctor
81,93,2,2,4,4,6,4,7,4,2,Doctor
60,94,4,4,2,2,7,4,6,2,1,Doctor
62,94,2,5,4,5,1,1,4,9,1,Entrepreneur
91,93,2,4,3,4,4,5,10,5,3,Teacher
68,81,2,2,2,5,8,4,7,1,2,Doctor
87,78,3,2,5,1,5,3,2,4,7,Accountant
93,60,5,4,5,4,7,2,1,1,6,Software Engineer
82,74,5,2,5,2,7,3,4,3,7,Software Engineer
79,65,5,3,5,3,7,1,3,4,5,Software Engineer
72,83,4,3,5,3,7,1,3,1,6,Software Engineer
67,87,4,4,3,1,6,3,7,4,0,Doctor
67,85,4,2,5,1,6,2,4,2,7,Software Engineer
87,67,3,3,4,2,8,2,3,4,7,Data Scientist
80,73,4,4,5,2,6,3,0,4,6,Software Engineer
91,81,3,4,3,3,7,2,9,4,3,Doctor
94,85,2,2,4,3,4,2,1,3,7,Accountant
63,79,4,5,4,4,1,0,3,7,1,Entrepreneur
74,71,2,4,4,5,0,0,3,8,2,Entrepreneur
89,87,3,2,3,4,7,2,7,2,3,Doctor
64,89,4,4,5,2,8,2,4,1,7,Software Engineer
70,74,5,4,5,4,10,2,3,0,5,Software Engineer
86,88,4,5,4,2,2,5,10,3,4,Teacher
91,86,4,3,5,0,8,5,4,2,6,Data Scientist
94,66,4,3,5,2,7,1,3,0,7,Software Engineer
77,92,4,3,4,2,7,4,3,2,4,Software Engineer
81,93,3,4,3,2,6,2,7,2,3,Doctor
71,90,2,5,2,7,3,3,2,9,2,Entrepreneur
89,63,4,3,5,2,8,3,4,2,7,Data Scientist
87,76,4,4,5,1,10,2,3,4,7,Data Scientist
61,88,4,5,2,1,5,6,6,5,0,Teacher
85,91,2,3,5,3,4,3,2,3,9,Accountant
77,81,2,5,2,3,2,6,8,5,5,Teacher
94,65,3,5,4,5,2,1,0,8,5,Entrepreneur
68,79,4,4,5,3,9,2,3,1,7,Software Engineer
72,60,4,2,4,0,10,0,0,4,5,Software Engineer
70,80,3,2,4,1,7,5,9,2,5,Doctor
88,61,4,4,5,3,8,1,5,5,5,Data Scientist
79,62,3,4,4,5,1,2,1,2,7,Accountant
81,81,2,5,3,3,0,6,8,3,0,Teacher
60,89,4,2,2,5,5,0,5,1,2,Doctor
76,85,3,2,4,3,1,3,4,4,8,Accountant
90,91,5,2,4,0,8,2,2,4,5,Software Engineer
89,61,3,2,4,1,0,2,4,3,6,Accountant
87,83,3,5,4,4,1,7,9,4,4,Teacher
95,85,4,4,5,2,9,4,3,0,8,Data Scientist
90,63,3,3,4,1,1,4,5,4,7,Accountant
79,72,3,4,5,2,3,1,3,2,7,Accountant
77,78,4,2,4,4,6,5,1,3,6,Software Engineer
78,83,3,2,5,2,9,5,4,1,6,Data Scientist
94,93,4,4,5,3,7,4,2,1,8,Software Engineer
91,89,4,4,4,1,6,5,3,4,6,Data Scientist
91,68,3,4,5,4,1,0,2,2,8,Accountant
89,83,3,2,5,4,5,3,1,1,7,Accountant
80,84,3,3,3,3,9,4,9,3,1,Doctor
73,62,3,4,2,5,3,7,7,1,4,Teacher
89,85,4,2,4,1,7,4,7,3,1,Doctor
80,70,4,4,3,8,3,2,2,10,0,Entrepreneur
70,93,2,4,2,6,3,4,4,8,3,Entrepreneur
85,91,3,5,4,6,2,3,1,7,3,Entrepreneur
91,85,4,4,5,1,7,3,2,5,8,Data Scientist
87,81,4,4,3,3,2,6,8,3,3,Teacher
83,69,5,3,5,1,10,3,4,0,5,Software Engineer
88,63,4,4,5,1,6,1,2,2,6,Software Engineer
73,80,3,5,2,8,2,2,3,8,5,Entrepreneur
81,79,5,3,5,0,9,5,5,2,8,Software Engineer
71,87,4,3,3,2,7,4,7,3,3,Doctor
94,79,2,4,4,4,4,4,0,5,8,Accountant
61,72,4,2,4,2,8,2,4,2,8,Software Engineer
87,75,3,4,5,0,7,3,1,4,6,Data Scientist
84,61,3,2,4,1,8,1,0,4,7,Data Scientist
62,66,4,2,4,2,5,0,3,1,6,Software Engineer
80,83,2,4,2,5,3,4,4,8,4,Entrepreneur
87,86,2,3,3,2,5,1,6,2,0,Doctor
62,87,3,4,2,6,3,2,3,8,3,Entrepreneur
64,62,5,2,4,5,7,3,1,0,5,Software Engineer
83,92,2,4,3,7,3,1,5,7,4,Entrepreneur
86,61,5,2,5,3,5,3,4,2,8,Software Engineer
94,82,4,5,3,6,2,1,2,6,4,Entrepreneur
68,83,4,5,2,6,3,0,5,10,1,Entrepreneur
86,92,4,2,5,0,6,3,3,2,7,Data Scientist
68,87,3,4,4,1,7,2,8,4,3,Doctor
90,91,2,2,5,1,9,5,2,0,7,Data Scientist
75,78,4,3,5,3,0,2,1,4,6,Accountant
79,80,3,5,3,6,4,4,4,9,2,Entrepreneur
88,74,5,2,4,3,8,3,3,3,7,Software Engineer
81,83,4,4,5,3,1,4,1,3,9,Accountant
92,67,3,5,3,4,4,7,6,4,3,Teacher
71,73,3,4,3,4,3,7,7,3,1,Teacher
87,62,4,2,5,2,2,1,2,2,9,Accountant
84,60,5,3,4,0,6,2,1,5,6,Software Engineer
75,83,2,4,2,2,6,1,7,5,4,Doctor
81,65,4,2,4,2,5,3,1,3,9,Accountant
86,92,2,3,4,4,10,3,5,1,8,Data Scientist
78,82,3,2,4,2,3,0,2,5,7,Accountant
74,83,2,4,3,6,0,2,3,9,2,Entrepreneur
73,83,2,4,2,2,5,7,8,5,3,Teacher
64,89,3,2,3,3,7,2,5,2,3,Doctor
94,64,2,2,5,5,8,1,3,3,7,Data Scientist
84,61,4,5,4,5,3,3,3,9,3,Entrepreneur
72,71,2,5,4,5,4,2,3,8,3,Entrepreneur
80,74,3,2,5,5,7,4,4,4,6,Data Scientist
66,73,3,5,4,3,4,7,8,2,4,Teacher
94,89,2,2,4,2,9,2,0,1,8,Data Scientist
73,73,4,3,4,3,6,2,2,1,7,Software Engineer
84,73,4,5,2,7,2,5,2,6,4,Entrepreneur
85,92,3,4,5,3,3,4,5,4,9,Accountant
71,62,5,3,5,3,8,3,3,3,5,Software Engineer
82,81,3,2,5,4,3,3,3,2,7,Accountant
72,66,2,4,2,7,5,1,3,8,3,Entrepreneur
82,68,4,3,5,1,9,4,5,3,7,Data Scientist
79,72,4,4,5,4,1,4,2,2,9,Accountant
63,92,3,4,3,1,0,5,8,3,3,Teacher
90,89,4,4,2,1,7,0,8,2,4,Doctor
74,80,4,2,4,1,9,4,1,2,5,Software Engineer
73,97,3,3,3,3,6,4,8,0,3,Doctor
82,86,2,4,2,2,5,6,9,3,1,Teacher
84,80,3,3,5,0,1,3,3,1,7,Accountant
90,97,3,3,2,1,8,3,6,0,3,Doctor
84,86,4,3,5,1,9,2,2,3,7,Software Engineer
78,63,4,2,5,3,9,3,2,0,6,Software Engineer
68,85,4,5,2,1,1,6,9,2,4,Teacher
71,75,5,4,5,3,8,0,5,1,8,Software Engineer
75,76,2,4,5,1,1,0,3,1,10,Accountant
77,94,3,4,4,1,4,7,6,4,3,Teacher
60,60,3,4,4,6,4,2,3,9,4,Entrepreneur
82,65,3,4,4,6,5,2,2,7,5,Entrepreneur
83,89,4,3,3,2,6,4,7,1,1,Doctor
79,85,3,3,2,1,7,4,9,4,3,Doctor
65,82,3,4,2,6,3,1,1,8,1,Entrepreneur
76,94,3,3,4,2,2,0,0,1,6,Accountant
92,60,5,4,5,1,7,0,2,3,6,Software Engineer
90,72,2,4,4,1,8,1,2,1,5,Data Scientist
90,77,4,3,5,1,9,3,4,3,9,Data Scientist
80,85,4,2,4,1,6,3,4,2,7,Software Engineer
64,63,4,5,3,2,3,5,10,2,2,Teacher
84,90,2,3,5,2,4,5,2,4,7,Accountant
91,85,4,4,4,1,8,4,4,3,6,Software Engineer
77,88,2,2,4,4,0,2,1,3,9,Accountant
90,75,4,5,3,7,3,4,3,8,1,Entrepreneur
94,80,4,3,4,3,9,3,6,2,1,Doctor
84,63,3,5,2,3,2,5,10,3,3,Teacher
67,86,3,5,3,4,4,8,7,3,0,Teacher
90,64,4,2,4,4,8,2,3,3,6,Data Scientist
83,72,2,4,4,3,1,1,3,3,8,Accountant
92,91,3,4,4,3,7,2,4,2,7,Data Scientist
84,65,4,4,5,2,4,3,2,1,8,Accountant
82,85,2,2,3,3,5,0,7,4,5,Doctor
80,89,4,5,4,1,1,7,8,3,5,Teacher
85,72,2,5,2,2,5,4,8,3,4,Teacher
78,85,2,2,5,0,8,1,4,1,6,Data Scientist
80,69,3,2,5,2,9,3,4,5,8,Data Scientist
62,82,4,2,5,1,5,3,0,0,7,Software Engineer
60,76,2,4,4,1,2,5,10,4,1,Teacher
82,62,4,4,4,5,7,2,2,5,7,Data Scientist
90,68,3,3,4,4,7,3,3,3,9,Data Scientist
80,89,3,3,2,4,8,3,7,2,3,Doctor
87,85,3,2,4,3,7,3,6,1,4,Doctor
85,76,4,4,4,0,7,5,4,1,9,Data Scientist
69,80,3,4,3,4,3,3,2,6,1,Entrepreneur
75,86,2,2,4,3,1,2,3,0,8,Accountant
92,75,4,4,5,2,1,2,0,3,6,Accountant
81,87,2,3,2,1,7,3,6,2,4,Doctor
93,93,2,4,3,0,5,6,10,1,2,Teacher
70,91,2,4,4,1,1,6,7,3,0,Teacher
73,91,5,4,5,3,7,3,3,4,6,Software Engineer
95,87,4,2,5,4,6,2,2,2,6,Data Scientist
74,93,3,3,4,1,8,2,7,3,1,Doctor
86,86,3,5,2,5,3,2,5,10,2,Entrepreneur
73,74,4,3,5,2,8,3,3,3,4,Software Engineer
67,91,4,5,3,3,2,8,7,0,0,Teacher
88,83,3,2,5,1,8,1,2,0,6,Data Scientist
86,78,2,4,5,2,10,5,3,1,7,Data Scientist
94,80,2,2,3,3,7,2,9,0,2,Doctor
86,77,4,4,2,3,1,8,9,1,3,Teacher
87,78,2,5,3,5,2,7,9,2,4,Teacher
96,87,4,4,4,0,7,3,2,2,9,Data Scientist
84,82,3,3,5,5,6,2,2,1,8,Data Scientist
68,69,2,5,3,6,3,1,2,6,2,Entrepreneur
73,88,2,5,3,7,3,2,3,9,5,Entrepreneur
65,97,3,3,2,5,6,3,9,3,0,Doctor
88,96,3,4,3,5,7,3,7,1,0,Doctor
82,72,2,3,4,3,3,3,4,4,8,Accountant
60,73,2,4,2,5,1,2,2,8,1,Entrepreneur
70,92,2,4,3,1,7,5,6,1,2,Doctor
81,94,4,4,2,1,8,2,5,2,3,Doctor
75,90,4,5,2,6,3,3,4,8,2,Entrepreneur
68,91,2,5,3,6,3,3,2,9,3,Entrepreneur
89,90,4,2,2,4,5,1,9,2,2,Doctor
77,94,4,2,2,3,8,4,5,4,4,Doctor
69,83,4,3,3,4,8,4,7,4,0,Doctor
78,86,4,3,4,4,1,0,3,4,9,Accountant
80,87,2,3,2,5,9,2,7,2,5,Doctor
90,72,2,4,5,1,1,5,4,3,6,Accountant
64,84,4,3,2,1,7,2,7,3,2,Doctor
67,88,2,5,3,7,0,0,3,8,3,Entrepreneur
88,65,2,5,4,6,1,2,1,9,1,Entrepreneur
61,91,3,3,4,4,6,3,8,4,2,Doctor
75,70,3,4,3,0,1,6,9,2,4,Teacher
76,73,4,4,4,3,8,0,3,3,6,Software Engineer
73,64,2,4,2,2,2,4,9,3,2,Teacher
84,72,4,5,2,1,2,6,6,3,1,Teacher
84,88,3,2,5,4,5,3,3,2,8,Accountant
96,92,2,4,5,4,9,4,2,0,7,Data Scientist
86,90,4,4,3,6,3,3,3,8,3,Entrepreneur
88,76,3,2,4,5,4,2,3,1,6,Accountant
65,65,4,4,4,5,10,3,4,2,5,Software Engineer
82,64,4,2,4,3,8,2,2,0,6,Software Engineer
62,61,4,4,2,3,3,6,9,2,3,Teacher
74,84,3,5,2,1,4,4,6,2,5,Teacher
92,66,4,4,3,1,4,6,8,5,2,Teacher
61,73,4,5,2,0,1,7,8,5,1,Teacher
77,92,3,2,4,1,7,4,7,3,5,Doctor
76,93,3,2,5,4,2,3,2,2,7,Accountant
61,87,4,3,2,2,7,3,5,3,2,Doctor
66,94,3,2,3,5,6,3,7,4,1,Doctor
85,71,2,4,4,4,7,2,1,4,8,Data Scientist
65,89,3,4,4,6,3,2,3,9,1,Entrepreneur
80,65,5,4,5,2,10,3,3,0,4,Software Engineer
67,70,5,3,4,4,6,4,3,1,6,Software Engineer
88,61,4,4,3,0,5,5,7,1,1,Teacher
83,84,3,3,4,0,7,5,7,3,1,Doctor
78,60,3,4,2,3,0,4,8,4,1,Teacher
72,73,2,4,3,3,3,6,8,2,3,Teacher
69,82,2,4,2,5,2,4,4,9,0,Entrepreneur
80,66,4,4,5,2,9,3,1,2,8,Data Scientist
90,88,2,4,4,4,0,4,0,2,8,Accountant
91,79,3,5,4,6,2,1,4,9,3,Entrepreneur
77,84,4,4,4,7,5,3,0,7,3,Entrepreneur
94,89,3,4,3,8,2,4,3,7,5,Entrepreneur
86,87,2,3,5,1,2,2,2,0,8,Accountant
78,64,2,4,4,2,8,3,1,3,6,Data Scientist
88,81,4,4,5,3,10,1,3,4,7,Software Engineer
67,84,2,4,4,3,9,4,6,3,2,Doctor
90,78,3,4,3,1,4,6,8,3,2,Teacher
64,84,4,3,5,3,5,2,0,3,7,Software Engineer
67,96,3,3,3,4,6,3,8,3,5,Doctor
97,67,4,2,4,3,8,1,2,2,6,Data Scientist
76,90,4,2,5,5,7,2,1,3,7,Software Engineer
73,71,4,4,5,4,9,2,3,2,7,Software Engineer
89,95,4,3,3,1,8,5,6,4,3,Doctor
74,81,3,4,3,1,2,7,10,2,3,Teacher
77,74,4,4,5,2,2,3,4,1,6,Accountant
82,69,2,5,4,6,0,5,2,7,5,Entrepreneur
89,84,2,5,4,5,3,2,2,6,5,Entrepreneur
68,78,3,4,4,5,3,5,7,4,4,Teacher
68,64,2,5,4,2,3,8,8,1,4,Teacher
89,81,3,2,4,1,7,1,9,2,4,Doctor
92,93,3,4,4,2,2,3,4,3,6,Accountant
79,94,2,3,2,3,5,3,9,3,3,Doctor
85,75,2,3,4,1,8,1,2,1,9,Data Scientist
79,88,4,2,5,3,2,2,5,4,9,Accountant
91,65,4,2,4,3,8,2,3,1,7,Data Scientist
92,62,2,4,5,4,1,2,1,3,10,Accountant
71,94,3,2,4,2,9,1,6,2,1,Doctor
61,81,4,3,4,3,9,0,8,3,3,Doctor
75,67,2,3,5,3,2,2,3,3,9,Accountant
75,83,4,3,5,2,6,1,5,3,7,Software Engineer
87,60,3,5,2,7,0,2,3,7,3,Entrepreneur
73,79,2,5,2,2,1,7,8,2,2,Teacher
85,69,5,3,4,2,7,2,3,2,4,Software Engineer
78,81,3,4,3,1,8,4,6,1,2,Doctor
78,83,2,3,3,5,7,2,5,4,2,Doctor
78,81,2,2,5,1,1,4,2,2,7,Accountant
93,93,3,3,5,2,9,5,2,2,8,Data Scientist
93,74,3,5,2,5,2,5,6,4,3,Teacher
80,80,4,4,2,1,8,2,8,4,2,Doctor
68,92,4,3,5,0,7,1,3,1,7,Software Engineer
92,71,3,4,3,7,2,0,2,10,1,Entrepreneur
94,90,3,2,5,4,3,2,0,3,8,Accountant
72,64,3,5,2,4,3,5,8,4,3,Teacher
73,84,2,2,2,4,8,2,6,3,3,Doctor
70,96,3,3,3,4,8,3,6,5,2,Doctor
87,61,4,2,5,1,0,2,3,3,7,Accountant
90,84,4,4,2,3,3,6,8,1,3,Teacher
96,87,3,4,5,4,8,3,2,1,8,Data Scientist
74,81,3,4,4,4,3,5,7,3,2,Teacher
82,82,3,4,3,4,2,7,8,1,0,Teacher
90,84,4,5,2,1,2,8,8,4,2,Teacher
77,88,2,2,4,3,10,3,4,4,5,Data Scientist
87,72,4,3,4,2,6,2,4,1,7,Data Scientist
88,78,3,4,4,3,9,2,3,5,9,Data Scientist
79,78,4,4,4,1,7,1,3,4,5,Software Engineer
91,64,4,3,5,3,8,4,1,4,8,Data Scientist
65,84,4,4,4,5,4,2,5,8,3,Entrepreneur
80,74,3,5,4,3,4,5,8,2,0,Teacher
70,94,2,5,2,4,3,7,8,2,2,Teacher
83,79,3,4,3,6,3,0,3,7,3,Entrepreneur
93,85,4,3,5,1,2,2,3,3,7,Accountant
63,82,3,4,3,5,0,3,3,8,4,Entrepreneur
84,88,4,5,3,1,0,5,10,4,3,Teacher
80,89,3,2,2,3,6,5,6,2,4,Doctor
79,73,3,5,2,2,3,7,7,5,3,Teacher
80,78,4,4,4,1,1,5,5,3,10,Accountant
64,92,4,4,4,3,7,3,0,3,7,Software Engineer
66,82,4,4,2,1,4,7,10,0,5,Teacher
78,62,4,2,4,2,7,1,5,2,6,Data Scientist
82,91,2,5,4,2,4,8,8,2,3,Teacher
87,89,4,5,3,3,3,7,8,2,2,Teacher
84,89,3,2,3,3,8,2,7,2,4,Doctor
62,81,2,3,3,3,6,3,6,1,2,Doctor
81,93,2,2,4,0,6,4,9,3,1,Doctor
88,90,4,4,4,4,3,7,8,3,0,Teacher
64,78,4,5,2,3,5,7,9,3,3,Teacher
76,81,3,5,3,4,2,6,9,2,1,Teacher
82,78,4,4,4,5,0,4,5,1,7,Accountant
87,79,4,4,4,3,2,3,2,1,8,Accountant
90,86,4,4,2,5,4,1,0,6,2,Entrepreneur
89,91,4,4,2,3,2,5,7,3,2,Teacher
67,75,5,2,5,1,7,4,4,5,6,Software Engineer
62,86,3,4,3,7,2,5,2,8,4,Entrepreneur
69,65,3,4,2,6,2,4,3,7,2,Entrepreneur
85,67,4,5,3,1,2,6,8,3,1,Teacher
65,95,2,4,3,0,8,3,6,2,2,Doctor
67,82,2,3,2,0,5,2,6,2,3,Doctor
91,65,2,2,5,5,7,3,0,5,7,Data Scientist
88,81,2,3,5,3,10,1,2,2,6,Data Scientist
60,66,2,4,4,6,3,2,2,9,1,Entrepreneur
93,75,3,2,5,3,8,3,1,1,5,Data Scientist
73,70,4,2,4,4,8,3,3,3,4,Software Engineer
93,68,4,3,4,0,10,5,2,1,5,Software Engineer
80,88,2,3,4,1,7,1,8,3,2,Doctor
89,82,2,3,5,2,7,4,4,3,7,Data Scientist
86,72,4,4,5,0,5,3,3,4,6,Software Engineer
62,88,3,4,4,7,2,2,3,8,3,Entrepreneur
60,78,4,2,5,3,8,4,2,1,4,Software Engineer
70,94,2,4,3,4,2,4,9,3,5,Teacher
70,65,2,4,4,7,3,2,3,9,2,Entrepreneur
88,62,3,3,5,2,3,2,2,1,7,Accountant
76,92,4,3,2,2,8,4,8,3,1,Doctor
75,66,4,4,5,5,5,4,1,2,8,Accountant
75,82,4,3,5,2,7,2,1,3,9,Data Scientist
68,88,5,2,5,4,8,0,3,1,7,Software Engineer
90,96,3,4,2,3,9,5,6,3,3,Doctor
81,86,4,2,4,3,0,3,5,4,8,Accountant
87,90,2,4,4,0,2,8,7,2,3,Teacher
61,78,2,4,4,2,2,5,8,2,5,Teacher
72,69,4,3,4,2,6,4,2,3,8,Software Engineer
72,87,4,2,4,1,9,2,3,0,7,Software Engineer
71,92,3,3,3,2,7,2,9,2,3,Doctor
78,77,4,3,4,0,5,4,1,5,9,Accountant
65,85,4,2,3,5,8,0,5,4,2,Doctor
85,78,4,3,4,2,2,3,2,4,8,Accountant
77,73,4,4,4,1,8,2,3,4,6,Software Engineer
83,75,4,4,3,7,4,2,0,8,3,Entrepreneur
83,94,3,3,4,1,8,4,7,0,2,Doctor
82,71,3,4,5,1,9,2,3,2,5,Data Scientist
72,91,3,4,3,5,3,4,3,9,4,Entrepreneur
62,93,2,5,4,8,2,0,3,8,5,Entrepreneur
71,88,3,5,4,6,2,3,2,7,5,Entrepreneur
73,78,3,4,3,2,1,4,6,3,2,Teacher
83,81,2,3,3,4,9,3,7,1,3,Doctor
82,65,3,5,4,5,4,6,7,1,2,Teacher
75,89,2,4,4,2,0,3,0,4,7,Accountant
87,83,2,3,5,1,8,2,1,5,7,Data Scientist
75,91,5,2,4,2,10,2,1,2,7,Software Engineer
70,92,3,4,3,3,1,7,8,4,2,Teacher
79,71,3,3,4,3,10,0,2,1,6,Data Scientist
92,66,2,2,4,5,2,5,0,2,9,Accountant
70,85,4,4,2,1,6,3,9,3,3,Doctor
85,77,4,4,4,5,10,3,0,3,6,Data Scientist
76,76,4,2,4,2,9,0,3,2,8,Data Scientist
79,86,2,4,2,6,1,4,2,8,5,Entrepreneur
69,79,2,4,4,6,1,4,3,8,3,Entrepreneur
96,80,3,4,5,3,8,1,2,1,6,Data Scientist
87,87,2,5,4,5,2,2,2,7,3,Entrepreneur
77,85,2,4,2,4,7,1,5,4,5,Doctor
78,68,3,4,4,4,7,1,3,5,6,Data Scientist
81,77,3,5,2,2,3,4,8,4,2,Teacher
90,96,2,2,3,2,7,3,5,0,4,Doctor
88,60,2,3,5,2,2,5,2,2,6,Accountant
62,86,3,4,4,2,8,2,7,2,4,Doctor
69,64,2,4,4,0,5,6,10,3,5,Teacher
93,88,2,4,4,5,4,3,2,8,1,Entrepreneur
93,71,4,2,4,4,1,2,4,3,6,Accountant
97,75,2,3,4,2,9,2,2,2,6,Data Scientist
70,94,5,3,5,1,6,1,2,0,6,Software Engineer
91,84,2,3,4,1,6,1,1,5,7,Data Scientist
86,71,3,4,2,6,1,5,0,8,0,Entrepreneur
89,92,3,3,4,2,0,5,3,2,8,Accountant
91,81,4,5,4,4,3,6,7,3,2,Teacher
85,88,2,4,4,5,8,3,2,3,6,Data Scientist
74,77,2,4,2,4,2,4,4,8,0,Entrepreneur
90,82,5,3,5,2,6,2,3,3,4,Software Engineer
63,82,4,4,4,5,3,5,8,1,3,Teacher
94,88,2,3,5,1,7,2,2,2,7,Data Scientist
68,85,2,5,2,6,4,5,5,6,3,Entrepreneur
91,75,3,4,5,1,8,1,1,1,7,Data Scientist
87,72,2,2,4,4,9,3,2,2,7,Data Scientist
80,80,2,4,4,2,8,1,9,2,2,Doctor
93,84,3,3,4,2,2,3,2,4,10,Accountant
75,92,4,3,4,4,7,3,6,3,1,Doctor
88,91,4,3,4,3,5,2,4,4,9,Accountant
87,82,5,2,5,4,10,3,0,5,7,Software Engineer
87,94,5,3,5,2,7,2,3,0,5,Software Engineer
87,60,5,3,5,2,10,5,5,4,6,Software Engineer
79,61,3,5,2,5,2,3,1,8,2,Entrepreneur
88,64,2,5,3,3,3,8,8,3,4,Teacher
84,90,2,4,5,2,3,5,4,2,6,Accountant
61,67,3,4,2,3,5,4,7,5,2,Teacher
93,85,2,2,2,3,7,3,7,1,3,Doctor
93,81,3,2,4,0,4,4,3,2,9,Accountant
80,73,3,2,5,4,3,3,3,2,9,Accountant
60,88,2,5,4,4,3,1,5,8,2,Entrepreneur
76,81,2,4,4,6,0,2,4,9,4,Entrepreneur
65,90,4,2,4,3,8,1,8,3,2,Doctor
76,76,4,2,5,4,8,2,3,5,8,Data Scientist
75,87,4,5,2,8,3,2,2,9,2,Entrepreneur
77,70,4,2,4,3,3,3,1,4,8,Accountant
76,93,3,3,2,3,7,1,7,2,4,Doctor
86,79,2,5,3,5,0,3,3,9,4,Entrepreneur
83,78,3,5,4,8,2,1,3,8,4,Entrepreneur
90,91,3,4,5,2,9,2,4,4,6,Data Scientist
61,69,3,5,4,5,4,3,3,7,2,Entrepreneur
79,74,3,4,5,0,1,2,5,1,8,Accountant
83,77,2,5,3,0,3,5,8,1,3,Teacher
60,82,2,3,2,3,8,3,8,1,1,Doctor
78,64,4,4,4,3,10,5,4,1,7,Software Engineer
60,75,3,4,4,2,3,8,9,3,2,Teacher
77,88,3,4,4,4,8,4,2,2,5,Data Scientist
62,89,4,2,4,1,9,5,0,3,8,Software Engineer
87,74,4,4,5,5,3,5,4,2,6,Accountant
62,68,4,2,5,0,8,3,4,2,4,Software Engineer
64,93,4,5,2,7,1,1,1,8,3,Entrepreneur
87,87,3,4,2,2,3,5,10,4,4,Teacher
89,68,4,2,4,0,8,1,2,0,7,Data Scientist
76,95,2,4,4,2,5,1,7,0,0,Doctor
87,90,2,5,4,4,5,6,9,4,3,Teacher
80,89,4,4,4,1,6,3,3,2,9,Data Scientist
63,85,2,5,4,7,0,2,2,9,3,Entrepreneur
91,74,3,3,5,3,10,5,2,2,8,Data Scientist
63,63,4,5,3,4,5,3,3,10,5,Entrepreneur
97,85,4,4,5,2,8,2,3,2,8,Data Scientist
84,91,2,2,5,3,2,1,0,3,7,Accountant
74,93,3,2,4,1,5,1,7,3,4,Doctor
87,97,3,2,4,2,9,5,7,3,1,Doctor
68,68,4,5,2,4,1,6,10,2,2,Teacher
94,88,4,4,4,0,1,5,10,3,0,Teacher
92,64,4,4,5,3,2,2,3,4,9,Accountant
87,82,4,2,4,3,4,4,0,2,7,Accountant
76,81,4,3,5,2,7,2,1,3,6,Data Scientist
89,79,4,4,5,3,2,1,5,3,10,Accountant
92,67,4,2,4,4,8,1,5,3,6,Software Engineer
92,76,4,2,5,5,7,1,4,4,5,Software Engineer
92,64,3,5,4,6,4,5,4,7,3,Entrepreneur
84,96,4,2,4,2,6,3,7,4,2,Doctor
93,84,4,2,3,0,5,1,7,4,3,Doctor
85,67,3,4,4,1,2,4,0,1,8,Accountant
88,74,3,3,4,4,6,3,4,3,9,Data Scientist
78,77,4,4,4,3,8,4,4,0,7,Software Engineer
85,68,2,4,5,3,9,3,1,2,7,Data Scientist
81,81,3,2,4,5,7,1,4,3,7,Data Scientist
86,85,5,2,5,0,6,1,3,2,6,Software Engineer
71,86,2,5,4,2,1,4,8,4,1,Teacher
87,92,3,3,3,4,8,4,6,3,3,Doctor
86,69,4,4,3,7,2,3,3,8,1,Entrepreneur
79,85,4,5,2,2,4,5,10,1,1,Teacher
86,75,3,5,2,2,0,7,7,1,3,Teacher
85,92,4,2,5,3,4,1,4,0,10,Accountant
74,88,4,4,4,2,8,3,3,3,6,Software Engineer
94,78,4,4,2,3,1,4,8,2,0,Teacher
86,92,2,4,2,4,2,6,6,2,1,Teacher
94,73,4,5,2,2,2,8,9,0,1,Teacher
63,84,2,4,2,8,5,3,3,10,4,Entrepreneur
81,73,3,3,5,4,4,3,2,3,7,Accountant
63,85,4,4,3,2,6,0,5,3,5,Doctor
79,79,2,2,5,1,7,4,1,0,8,Data Scientist
62,75,3,5,4,3,4,6,9,0,0,Teacher
69,77,4,5,3,5,1,7,8,2,3,Teacher
73,87,2,4,4,4,8,4,8,3,2,Doctor
94,77,4,3,4,3,2,3,4,1,10,Accountant
92,86,5,3,4,2,9,4,4,2,6,Software Engineer
91,82,4,4,4,4,3,6,9,4,1,Teacher
94,90,2,5,3,6,5,4,3,10,3,Entrepreneur
89,81,5,2,5,2,7,2,4,3,7,Software Engineer
79,73,2,4,3,6,0,0,5,9,3,Entrepreneur
92,83,2,3,4,4,9,2,2,3,7,Data Scientist
75,60,3,2,4,2,8,3,2,0,7,Data Scientist
84,89,4,2,4,1,9,3,7,1,4,Doctor
94,84,4,4,5,2,9,2,2,3,9,Data Scientist
93,76,3,5,2,7,4,1,2,6,3,Entrepreneur
74,82,2,2,4,2,6,4,8,1,1,Doctor
67,81,3,2,4,2,5,3,6,3,2,Doctor
76,77,4,5,2,3,1,6,8,2,2,Teacher
94,76,2,3,4,2,2,4,4,2,6,Accountant
64,89,2,4,3,3,6,4,9,1,4,Doctor
77,87,4,2,5,2,8,3,3,2,7,Data Scientist
92,94,2,4,5,2,5,3,1,4,10,Accountant
93,60,2,3,4,1,8,5,2,3,8,Data Scientist
80,67,3,5,3,2,1,4,8,2,1,Teacher
60,75,2,5,4,5,4,5,6,4,3,Teacher
95,66,4,2,4,1,7,1,1,2,7,Data Scientist
93,81,4,2,4,5,9,2,2,3,7,Data Scientist
85,94,2,5,2,8,2,1,1,6,1,Entrepreneur
86,85,3,4,5,1,2,4,3,2,7,Accountant
67,69,3,5,3,1,5,6,8,1,4,Teacher
81,82,3,2,4,3,3,4,1,5,7,Accountant
80,79,2,5,4,0,0,5,8,1,3,Teacher
78,83,2,4,2,6,2,1,4,6,3,Entrepreneur
74,63,4,2,5,2,8,3,1,4,7,Software Engineer
78,82,4,2,5,2,10,2,3,4,7,Data Scientist
86,83,3,5,4,5,2,2,5,7,3,Entrepreneur
92,82,3,4,5,1,2,3,1,5,8,Accountant
89,85,3,4,2,2,4,7,8,1,0,Teacher
86,76,2,4,5,2,0,5,4,2,10,Accountant
65,87,3,4,3,2,3,6,8,4,2,Teacher
63,83,4,4,5,0,7,3,3,3,6,Software Engineer
85,73,3,3,5,2,7,2,0,0,8,Data Scientist
87,69,4,4,2,5,2,3,1,7,3,Entrepreneur
94,78,4,4,4,7,1,2,1,10,2,Entrepreneur
72,85,3,5,2,6,3,2,2,8,1,Entrepreneur
87,83,2,4,5,3,9,1,1,1,5,Data Scientist
71,65,5,2,5,3,7,1,1,3,6,Software Engineer
83,68,5,4,4,2,8,4,2,4,4,Software Engineer
68,85,5,4,4,1,5,5,1,4,7,Software Engineer
74,75,2,5,3,3,2,6,6,3,2,Teacher
62,66,2,5,2,1,1,6,9,1,5,Teacher
83,66,3,4,4,2,8,3,5,2,5,Data Scientist
69,83,2,3,2,2,6,1,7,3,2,Doctor
79,74,3,5,2,2,4,8,9,3,2,Teacher
82,80,5,3,4,2,5,1,0,5,4,Software Engineer
68,80,3,3,4,4,9,1,7,4,3,Doctor
78,60,3,4,2,3,1,5,9,0,1,Teacher
82,90,2,4,2,2,3,6,9,4,0,Teacher
89,93,3,3,4,5,9,1,2,1,5,Data Scientist
84,92,3,3,5,4,2,1,3,3,7,Accountant
74,60,4,4,2,2,0,6,7,2,4,Teacher
94,92,2,2,5,2,8,4,2,2,7,Data Scientist
65,92,4,3,5,3,8,2,5,5,7,Software Engineer
67,78,3,4,4,2,5,8,8,0,2,Teacher
92,80,2,3,4,2,3,3,2,4,8,Accountant
91,72,3,4,4,5,4,4,2,3,6,Accountant
78,76,3,5,3,2,3,5,8,2,3,Teacher
70,62,2,4,3,2,0,6,6,4,3,Teacher
72,63,4,5,2,3,3,8,9,5,3,Teacher
79,76,2,2,5,5,2,3,1,1,10,Accountant
73,66,3,4,4,1,1,6,6,2,2,Teacher
91,85,5,4,4,5,7,1,3,1,7,Software Engineer
90,62,5,3,5,1,7,2,4,2,5,Software Engineer
79,82,4,2,5,0,8,5,1,4,5,Data Scientist
87,84,4,3,4,1,7,3,2,5,5,Software Engineer
90,89,3,5,3,7,4,5,4,8,1,Entrepreneur
93,75,3,2,4,3,9,3,3,1,7,Data Scientist
66,92,3,4,2,3,1,5,9,3,0,Teacher
77,71,2,4,4,1,4,5,3,1,9,Accountant
94,81,3,2,5,2,1,3,1,4,9,Accountant
86,63,2,4,4,2,7,5,1,0,6,Data Scientist
86,66,3,4,4,2,3,4,0,4,7,Accountant
75,61,4,4,4,7,3,4,3,9,3,Entrepreneur
81,68,5,4,4,4,5,4,1,4,5,Software Engineer
86,80,3,3,4,1,7,3,2,3,7,Data Scientist
61,93,2,4,2,4,6,4,5,2,1,Doctor
80,77,4,4,4,1,8,3,1,2,6,Software Engineer
81,91,2,2,5,4,1,3,3,2,8,Accountant
87,76,3,2,4,3,10,0,2,3,6,Data Scientist
71,86,3,4,3,4,1,4,2,7,2,Entrepreneur
73,97,2,3,3,5,6,2,5,0,1,Doctor
80,63,2,2,5,2,10,3,2,1,5,Data Scientist
75,69,2,2,5,0,2,0,0,1,10,Accountant
80,82,3,3,5,2,4,4,3,4,8,Accountant
66,70,3,4,4,5,4,4,2,6,2,Entrepreneur
71,77,5,4,4,3,10,1,3,2,7,Software Engineer
70,90,3,4,2,6,2,3,0,6,0,Entrepreneur
82,86,4,4,3,7,1,3,2,8,2,Entrepreneur
79,74,3,4,3,2,3,8,8,4,2,Teacher
94,68,5,2,4,0,9,4,3,4,6,Software Engineer
79,85,3,4,2,0,1,7,10,3,1,Teacher
73,87,2,4,3,2,2,8,8,5,3,Teacher
78,65,4,3,5,1,7,2,3,4,8,Data Scientist
80,82,2,4,4,1,8,2,2,0,6,Data Scientist
84,82,4,3,4,2,6,2,5,4,7,Software Engineer
89,84,5,4,4,1,8,3,2,1,7,Software Engineer
75,87,2,4,3,3,4,6,7,2,3,Teacher
87,73,4,4,3,5,1,3,3,8,2,Entrepreneur
77,72,4,5,4,3,3,6,7,3,2,Teacher
84,87,4,4,3,1,5,1,6,1,0,Doctor
75,92,4,3,4,5,10,4,5,4,5,Software Engineer
76,64,2,4,4,4,4,3,2,7,2,Entrepreneur
95,90,3,2,4,4,8,4,2,3,6,Data Scientist
90,83,2,2,4,0,8,2,2,4,7,Data Scientist
71,62,4,5,3,6,2,4,5,8,1,Entrepreneur
75,77,4,5,3,5,2,4,3,8,4,Entrepreneur
77,89,2,3,3,4,6,3,6,2,3,Doctor
70,70,4,4,4,2,2,6,8,0,2,Teacher
79,84,3,2,5,0,7,4,3,2,7,Data Scientist
60,84,4,2,4,4,8,2,5,2,5,Software Engineer
71,64,2,5,4,6,1,1,5,9,3,Entrepreneur
75,77,4,2,4,4,4,4,4,2,6,Accountant
67,88,3,5,3,6,2,3,1,7,2,Entrepreneur
82,88,2,5,4,5,3,3,5,8,2,Entrepreneur
85,91,4,2,5,3,1,5,3,2,7,Accountant
75,69,4,5,2,1,3,7,10,3,1,Teacher
88,87,3,4,5,2,9,3,4,3,7,Data Scientist
79,84,2,4,3,4,3,8,7,4,3,Teacher
90,93,4,5,2,8,3,3,1,7,4,Entrepreneur
86,82,2,3,4,3,8,5,5,5,7,Data Scientist
94,86,2,4,3,6,1,3,4,7,1,Entrepreneur
80,93,4,4,4,2,5,4,5,4,4,Doctor
69,68,2,5,2,3,4,8,8,1,3,Teacher
71,91,3,2,2,3,7,0,8,3,3,Doctor
67,85,3,5,3,6,4,0,5,9,4,Entrepreneur
70,94,4,4,4,1,7,3,9,2,2,Doctor
67,82,4,5,2,7,2,5,5,7,1,Entrepreneur
71,95,4,4,3,4,9,2,8,4,1,Doctor
84,89,3,5,3,5,3,2,1,8,3,Entrepreneur
89,88,2,4,5,1,4,1,1,4,8,Accountant
79,65,5,4,4,2,8,4,1,3,5,Software Engineer
87,66,4,2,4,1,0,1,1,5,9,Accountant
73,78,4,4,4,2,1,5,8,2,2,Teacher
84,63,2,5,4,5,1,2,4,7,2,Entrepreneur
74,76,3,5,2,3,1,6,9,2,2,Teacher
81,70,2,4,4,3,1,2,4,3,8,Accountant
78,66,4,3,4,3,2,3,2,3,7,Accountant
87,79,4,3,5,4,6,3,1,1,6,Software Engineer
63,81,2,4,2,8,4,3,2,7,4,Entrepreneur
70,90,5,4,4,2,10,1,3,1,6,Software Engineer
90,83,4,3,5,2,9,4,2,4,7,Software Engineer
63,86,3,3,4,1,6,3,8,1,0,Doctor
80,91,4,4,3,2,9,2,6,4,1,Doctor
85,70,3,3,5,4,4,2,4,2,7,Accountant
87,65,2,4,5,2,8,4,1,3,9,Data Scientist
89,66,2,4,5,2,8,4,0,1,6,Data Scientist
87,66,3,3,5,0,3,5,1,1,8,Accountant
76,85,2,5,3,7,4,2,4,8,3,Entrepreneur
84,61,2,4,5,5,7,0,0,4,8,Data Scientist
82,92,2,5,4,5,1,5,8,3,1,Teacher
89,80,4,2,5,1,1,5,2,2,10,Accountant
63,79,4,4,2,6,5,3,3,7,4,Entrepreneur
79,82,4,5,4,6,1,3,0,8,1,Entrepreneur
79,65,4,2,4,3,8,2,2,5,5,Data Scientist
67,90,4,3,4,0,8,5,9,5,1,Doctor
85,69,4,5,2,8,1,3,1,10,2,Entrepreneur
80,90,4,4,4,3,4,6,8,3,2,Teacher
86,64,2,5,2,5,2,3,2,10,1,Entrepreneur
82,90,4,3,4,0,9,0,3,5,9,Data Scientist
86,87,2,5,3,5,0,3,3,9,2,Entrepreneur
84,93,2,2,5,1,5,2,3,3,6,Accountant
83,91,4,4,5,1,7,4,5,2,5,Software Engineer
81,72,3,3,5,2,3,2,1,3,10,Accountant
73,93,2,4,2,3,7,2,7,2,2,Doctor
72,81,4,5,2,7,2,2,2,10,2,Entrepreneur
81,87,2,2,5,0,3,1,1,2,8,Accountant
77,94,4,4,5,0,4,2,1,3,8,Accountant
88,83,4,2,4,3,6,2,1,2,7,Data Scientist
75,85,2,4,2,8,3,2,1,7,2,Entrepreneur
87,84,4,2,4,1,3,2,2,4,8,Accountant
82,92,3,2,4,3,9,2,1,3,5,Data Scientist
83,73,2,4,4,2,3,3,2,5,8,Accountant
75,87,4,4,4,3,0,2,0,3,9,Accountant
79,76,4,4,5,2,9,4,2,5,7,Software Engineer
86,85,2,2,2,5,7,1,8,0,1,Doctor
90,62,4,4,5,0,1,2,3,1,8,Accountant
71,80,2,3,2,3,6,2,7,0,1,Doctor
81,77,4,5,4,6,4,1,5,9,5,Entrepreneur
80,84,2,4,4,5,9,1,3,3,5,Data Scientist
93,66,2,2,5,3,4,5,2,3,9,Accountant
63,60,4,2,4,1,7,2,4,3,7,Software Engineer
89,75,4,4,2,1,2,5,8,3,3,Teacher
93,88,4,2,5,3,8,1,2,2,9,Data Scientist
93,84,3,4,4,5,4,3,3,8,1,Entrepreneur
93,72,2,3,4,3,3,3,2,5,9,Accountant
82,67,4,4,4,3,8,3,3,2,4,Software Engineer
94,65,4,3,5,1,10,1,2,1,5,Software Engineer
81,65,3,2,5,4,6,3,1,5,7,Data Scientist
93,61,2,4,4,2,8,2,4,3,9,Data Scientist
92,62,5,2,5,3,8,3,4,2,5,Software Engineer
72,90,5,2,4,1,8,1,5,2,6,Software Engineer
78,65,4,4,2,4,2,8,10,3,4,Teacher
64,83,2,4,3,4,7,3,7,3,1,Doctor
84,84,2,4,4,3,3,4,2,4,9,Accountant
86,74,2,2,5,2,2,2,2,4,7,Accountant
90,81,2,2,5,2,0,0,3,4,8,Accountant
73,77,2,5,4,6,3,2,1,10,3,Entrepreneur
91,62,4,4,3,2,0,7,8,2,2,Teacher
76,63,3,4,5,5,5,1,1,3,9,Accountant
78,75,2,3,4,0,0,4,2,1,8,Accountant
70,81,3,4,3,2,2,6,8,3,5,Teacher
64,91,2,3,2,3,8,1,6,2,1,Doctor
82,63,4,4,5,4,8,4,2,5,6,Data Scientist
80,92,5,3,5,4,9,2,3,4,8,Software Engineer
68,69,2,5,3,4,5,3,5,8,3,Entrepreneur
93,68,4,2,4,1,6,3,3,2,6,Data Scientist
87,80,3,2,4,2,2,2,3,4,8,Accountant
83,97,3,3,2,3,5,5,6,2,4,Doctor
71,92,2,5,3,5,2,2,5,9,4,Entrepreneur
68,96,3,4,3,3,7,1,7,4,2,Doctor
77,91,4,3,5,3,2,1,1,2,10,Accountant
92,83,4,4,2,5,1,4,8,2,2,Teacher
72,71,4,4,2,4,1,2,3,8,1,Entrepreneur
90,69,2,2,5,2,2,3,2,1,9,Accountant
80,80,4,4,5,1,2,3,5,4,8,Accountant
76,72,4,4,5,2,8,5,0,1,7,Data Scientist
86,84,3,4,5,3,9,3,2,3,5,Data Scientist
83,89,4,3,3,1,7,2,5,5,3,Doctor
94,76,5,3,4,1,6,5,3,2,5,Software Engineer
81,81,2,2,4,2,7,4,5,2,5,Data Scientist
94,96,3,2,2,3,7,5,7,4,3,Doctor
89,80,3,2,3,2,5,4,7,0,4,Doctor
76,86,2,2,5,0,9,3,3,2,8,Data Scientist
73,86,4,4,4,3,6,1,7,3,3,Doctor
86,85,2,2,5,4,2,0,1,4,10,Accountant
90,62,2,4,3,3,1,6,10,2,5,Teacher
66,89,4,3,4,2,9,5,7,4,3,Doctor
72,83,4,2,4,3,8,0,7,3,2,Doctor
65,96,3,2,2,2,9,5,7,1,3,Doctor
82,70,2,4,2,6,3,4,2,9,2,Entrepreneur
80,90,4,3,2,0,7,2,6,3,2,Doctor
91,73,2,4,4,8,1,3,0,6,2,Entrepreneur
73,82,2,3,2,5,8,3,7,3,2,Doctor
83,63,4,3,4,3,2,3,2,2,6,Accountant
84,95,2,4,4,1,7,2,5,2,2,Doctor
69,66,4,4,4,5,5,2,2,9,4,Entrepreneur
74,79,3,4,3,6,3,2,3,9,4,Entrepreneur
78,78,3,4,4,2,2,1,4,4,9,Accountant
68,89,4,5,4,4,3,7,9,0,2,Teacher
82,66,2,4,5,1,8,1,4,3,5,Data Scientist
94,94,4,3,4,1,8,5,5,1,5,Doctor
79,67,4,3,5,3,0,5,2,5,10,Accountant
84,83,4,4,4,1,4,1,3,0,7,Accountant
62,63,4,4,2,3,5,6,8,3,0,Teacher
67,62,3,5,3,0,4,8,8,1,3,Teacher
78,93,3,4,5,3,8,0,5,3,5,Data Scientist
93,61,3,2,4,1,3,0,4,3,9,Accountant
90,70,3,5,4,6,1,5,3,7,3,Entrepreneur
85,75,4,2,5,2,2,3,3,0,8,Accountant
78,73,3,3,4,2,1,3,4,4,8,Accountant
67,74,4,3,5,5,9,4,0,4,6,Software Engineer
77,70,2,4,2,2,4,8,6,3,4,Teacher
91,75,4,3,4,3,10,4,1,3,6,Data Scientist
63,74,4,5,4,3,3,8,9,3,5,Teacher
73,89,2,4,2,4,7,2,7,4,2,Doctor
89,90,4,2,5,2,5,3,4,2,8,Accountant
82,60,4,4,4,1,5,7,8,3,3,Teacher
91,91,5,2,5,2,8,4,5,2,6,Software Engineer
64,85,5,3,5,4,8,2,1,4,6,Software Engineer
93,79,3,4,4,1,4,6,9,4,2,Teacher
69,74,5,4,5,0,9,2,2,3,5,Software Engineer
87,91,3,5,2,7,4,1,0,7,3,Entrepreneur
72,71,2,4,4,5,3,5,8,1,1,Teacher
66,94,3,4,2,0,5,1,6,2,0,Doctor
73,73,2,4,2,3,3,8,8,4,2,Teacher
72,92,3,4,2,5,6,5,8,5,4,Doctor
86,88,3,4,4,3,3,3,3,1,9,Accountant
88,88,3,4,4,6,1,3,3,8,4,Entrepreneur
72,74,3,4,2,4,3,8,6,1,3,Teacher
84,82,2,2,4,0,4,4,2,1,8,Accountant
82,92,3,2,5,3,8,2,5,4,6,Data Scientist
79,66,2,2,4,3,8,5,3,5,6,Data Scientist
87,60,3,4,4,2,2,0,0,3,6,Accountant
84,69,5,4,4,0,6,0,0,2,8,Software Engineer
60,73,4,5,3,8,2,2,2,8,5,Entrepreneur
78,91,3,5,2,8,0,4,2,8,5,Entrepreneur
63,65,3,4,3,6,3,1,4,9,4,Entrepreneur
91,70,2,3,4,4,4,2,5,1,8,Accountant
62,85,4,2,5,2,6,2,4,4,4,Software Engineer
79,81,4,4,5,2,8,3,1,3,7,Data Scientist
78,62,2,3,5,2,2,0,1,5,8,Accountant
85,92,4,2,5,4,7,3,1,0,7,Software Engineer
63,97,2,3,4,0,6,5,9,2,5,Doctor
68,80,2,4,3,3,5,7,8,1,5,Teacher
69,87,2,2,2,2,8,4,7,1,3,Doctor
80,90,3,4,2,6,2,1,0,8,5,Entrepreneur
92,60,3,5,4,1,2,6,10,3,2,Teacher
94,93,2,3,4,2,8,1,8,3,3,Doctor
81,85,5,2,5,2,8,5,0,0,7,Software Engineer
90,82,2,4,3,7,4,4,2,9,2,Entrepreneur
94,82,4,5,3,1,5,6,9,3,4,Teacher
96,92,4,4,5,5,9,1,2,3,8,Data Scientist
87,65,5,2,4,4,5,2,3,3,7,Software Engineer
64,73,4,4,2,8,1,1,5,7,5,Entrepreneur
79,94,4,4,5,3,8,4,3,2,6,Data Scientist
79,66,4,5,2,6,5,3,2,7,2,Entrepreneur
81,64,4,2,5,1,9,1,3,2,8,Data Scientist
64,64,2,5,4,3,3,6,8,1,2,Teacher
71,60,3,5,2,2,3,7,10,0,4,Teacher
73,87,4,4,4,1,8,3,5,3,5,Software Engineer
89,77,2,5,4,1,3,7,6,1,1,Teacher
66,93,4,4,3,2,8,2,5,1,4,Doctor
84,85,3,2,4,2,7,2,2,1,9,Data Scientist
69,69,2,4,2,2,1,4,6,1,2,Teacher
88,75,4,5,2,6,1,2,0,7,2,Entrepreneur
67,68,4,4,4,5,2,8,7,1,2,Teacher
85,90,4,3,4,1,4,2,5,0,7,Accountant
71,76,5,3,5,3,8,0,2,3,6,Software Engineer
78,91,4,4,4,3,7,1,4,2,6,Software Engineer
88,89,4,4,2,3,7,2,7,1,4,Doctor
89,65,4,4,5,4,8,1,1,1,6,Data Scientist
94,94,4,4,4,0,9,5,6,1,0,Doctor
64,67,3,5,4,3,1,7,8,3,1,Teacher
76,60,2,5,3,2,3,6,6,0,2,Teacher
64,88,4,2,4,1,8,1,7,3,3,Doctor
85,67,2,4,5,4,2,3,5,4,8,Accountant
77,76,3,5,3,6,2,2,3,6,3,Entrepreneur
86,69,5,4,5,3,8,2,0,3,4,Software Engineer
94,66,3,3,4,3,8,1,3,0,6,Data Scientist
75,91,2,3,3,2,7,3,5,1,3,Doctor
75,88,2,4,2,5,6,2,9,0,4,Doctor
60,91,2,5,2,5,2,1,5,7,2,Entrepreneur
80,80,3,2,2,4,7,4,6,2,3,Doctor
73,63,4,5,2,5,1,4,3,9,4,Entrepreneur
74,87,5,3,5,1,10,3,3,0,8,Software Engineer
61,70,2,5,3,7,4,0,0,8,1,Entrepreneur
82,66,4,4,4,2,9,3,4,2,7,Data Scientist
82,94,4,3,4,4,7,5,9,0,3,Doctor
93,83,4,4,2,7,5,1,3,8,0,Entrepreneur
69,80,3,5,2,6,2,4,3,7,4,Entrepreneur
79,81,2,2,4,4,7,3,0,2,5,Data Scientist
62,97,3,4,2,3,8,4,8,1,2,Doctor
87,82,4,3,3,5,7,3,7,4,3,Doctor
87,86,2,3,5,2,1,1,4,2,7,Accountant
79,81,4,3,5,3,6,0,3,5,6,Data Scientist
83,82,4,4,5,5,9,4,3,2,5,Software Engineer
81,66,2,4,5,1,2,2,2,3,8,Accountant
88,88,2,5,4,3,5,8,8,1,3,Teacher
77,77,3,4,3,5,1,2,5,7,2,Entrepreneur
68,87,3,4,2,3,2,8,8,5,3,Teacher
78,77,3,3,4,2,7,2,5,5,6,Data Scientist
78,60,3,4,5,5,6,1,3,3,6,Data Scientist
64,78,2,4,4,7,1,3,2,9,0,Entrepreneur
91,82,5,3,5,1,7,4,2,2,4,Software Engineer
79,81,4,2,5,3,8,2,3,1,7,Data Scientist
92,76,2,5,3,3,3,6,8,4,1,Teacher
83,64,4,5,3,6,2,1,5,6,4,Entrepreneur
83,89,2,4,4,2,4,4,8,1,4,Teacher
90,96,2,4,4,2,7,2,7,1,2,Doctor
66,82,3,2,3,1,7,0,9,2,5,Doctor
83,61,3,3,4,4,7,4,3,4,5,Data Scientist
92,90,2,4,4,4,3,1,4,0,6,Accountant
65,91,4,4,4,1,7,3,4,3,5,Software Engineer
70,90,2,4,2,7,2,1,3,9,3,Entrepreneur
86,86,3,4,2,0,9,1,7,4,3,Doctor
92,69,4,3,4,3,5,2,2,2,6,Software Engineer
90,82,3,4,4,2,8,4,5,1,3,Doctor
90,83,4,4,5,2,8,0,3,4,8,Data Scientist
81,80,3,4,3,8,4,2,5,9,0,Entrepreneur
82,91,4,3,5,2,1,3,0,4,9,Accountant
70,82,4,4,4,2,2,4,7,5,2,Teacher
60,79,2,4,3,4,3,5,8,2,2,Teacher
63,91,4,4,2,4,6,1,8,2,2,Doctor
77,94,2,5,4,0,2,4,9,2,2,Teacher
